delete from "CurrencyRate";
delete from "CountryCode";
delete from "CurrencyCode";
/*Data insertion scripts for CountryCode, CurrencyCode and CurrencyRate tables*/

/* Data for the 'public.CurrencyCode' table  (Records 1 - 179) */

INSERT INTO public."CurrencyCode" ("CurrencyCode", "CurrencyName")
VALUES (E'AED', E'United Arab Emirates dirham');

INSERT INTO public."CurrencyCode" ("CurrencyCode", "CurrencyName")
VALUES (E'AFN', E'Afghani');

INSERT INTO public."CurrencyCode" ("CurrencyCode", "CurrencyName")
VALUES (E'ALL', E'Lek');

INSERT INTO public."CurrencyCode" ("CurrencyCode", "CurrencyName")
VALUES (E'AMD', E'Armenian Dram');

INSERT INTO public."CurrencyCode" ("CurrencyCode", "CurrencyName")
VALUES (E'ANG', E'Netherlands Antillian Guilder');

INSERT INTO public."CurrencyCode" ("CurrencyCode", "CurrencyName")
VALUES (E'AOA', E'Kwanza');

INSERT INTO public."CurrencyCode" ("CurrencyCode", "CurrencyName")
VALUES (E'ARS', E'Argentine Peso');

INSERT INTO public."CurrencyCode" ("CurrencyCode", "CurrencyName")
VALUES (E'AUD', E'Australian Dollar');

INSERT INTO public."CurrencyCode" ("CurrencyCode", "CurrencyName")
VALUES (E'AWG', E'Aruban Guilder');

INSERT INTO public."CurrencyCode" ("CurrencyCode", "CurrencyName")
VALUES (E'AZN', E'Azerbaijanian Manat');

INSERT INTO public."CurrencyCode" ("CurrencyCode", "CurrencyName")
VALUES (E'BAM', E'Convertible Marks');

INSERT INTO public."CurrencyCode" ("CurrencyCode", "CurrencyName")
VALUES (E'BBD', E'Barbados Dollar');

INSERT INTO public."CurrencyCode" ("CurrencyCode", "CurrencyName")
VALUES (E'BDT', E'Bangladeshi Taka');

INSERT INTO public."CurrencyCode" ("CurrencyCode", "CurrencyName")
VALUES (E'BGN', E'Bulgarian Lev');

INSERT INTO public."CurrencyCode" ("CurrencyCode", "CurrencyName")
VALUES (E'BHD', E'Bahraini Dinar');

INSERT INTO public."CurrencyCode" ("CurrencyCode", "CurrencyName")
VALUES (E'BIF', E'Burundian Franc');

INSERT INTO public."CurrencyCode" ("CurrencyCode", "CurrencyName")
VALUES (E'BMD', E'Bermudian Dollar (customarily known as Bermuda Dollar)');

INSERT INTO public."CurrencyCode" ("CurrencyCode", "CurrencyName")
VALUES (E'BND', E'Brunei Dollar');

INSERT INTO public."CurrencyCode" ("CurrencyCode", "CurrencyName")
VALUES (E'BOB', E'Boliviano');

INSERT INTO public."CurrencyCode" ("CurrencyCode", "CurrencyName")
VALUES (E'BOV', E'Bolivian Mvdol (Funds code)');

INSERT INTO public."CurrencyCode" ("CurrencyCode", "CurrencyName")
VALUES (E'BRL', E'Brazilian Real');

INSERT INTO public."CurrencyCode" ("CurrencyCode", "CurrencyName")
VALUES (E'BSD', E'Bahamian Dollar');

INSERT INTO public."CurrencyCode" ("CurrencyCode", "CurrencyName")
VALUES (E'BTN', E'Ngultrum');

INSERT INTO public."CurrencyCode" ("CurrencyCode", "CurrencyName")
VALUES (E'BWP', E'Pula');

INSERT INTO public."CurrencyCode" ("CurrencyCode", "CurrencyName")
VALUES (E'BYR', E'Belarussian Ruble');

INSERT INTO public."CurrencyCode" ("CurrencyCode", "CurrencyName")
VALUES (E'BZD', E'Belize Dollar');

INSERT INTO public."CurrencyCode" ("CurrencyCode", "CurrencyName")
VALUES (E'CAD', E'Canadian Dollar');

INSERT INTO public."CurrencyCode" ("CurrencyCode", "CurrencyName")
VALUES (E'CDF', E'Franc Congolais');

INSERT INTO public."CurrencyCode" ("CurrencyCode", "CurrencyName")
VALUES (E'CHE', E'WIR Euro (complementary currency)');

INSERT INTO public."CurrencyCode" ("CurrencyCode", "CurrencyName")
VALUES (E'CHF', E'Swiss Franc');

INSERT INTO public."CurrencyCode" ("CurrencyCode", "CurrencyName")
VALUES (E'CHW', E'WIR Franc (complementary currency)');

INSERT INTO public."CurrencyCode" ("CurrencyCode", "CurrencyName")
VALUES (E'CLF', E'Unidades de formento (Funds code)');

INSERT INTO public."CurrencyCode" ("CurrencyCode", "CurrencyName")
VALUES (E'CLP', E'Chilean Peso');

INSERT INTO public."CurrencyCode" ("CurrencyCode", "CurrencyName")
VALUES (E'CNY', E'Yuan Renminbi');

INSERT INTO public."CurrencyCode" ("CurrencyCode", "CurrencyName")
VALUES (E'COP', E'Colombian Peso');

INSERT INTO public."CurrencyCode" ("CurrencyCode", "CurrencyName")
VALUES (E'COU', E'Unidad de Valor Real');

INSERT INTO public."CurrencyCode" ("CurrencyCode", "CurrencyName")
VALUES (E'CRC', E'Costa Rican Colon');

INSERT INTO public."CurrencyCode" ("CurrencyCode", "CurrencyName")
VALUES (E'CUP', E'Cuban Peso');

INSERT INTO public."CurrencyCode" ("CurrencyCode", "CurrencyName")
VALUES (E'CVE', E'Cape Verde Escudo');

INSERT INTO public."CurrencyCode" ("CurrencyCode", "CurrencyName")
VALUES (E'CYP', E'Cyprus Pound');

INSERT INTO public."CurrencyCode" ("CurrencyCode", "CurrencyName")
VALUES (E'CZK', E'Czech Koruna');

INSERT INTO public."CurrencyCode" ("CurrencyCode", "CurrencyName")
VALUES (E'DJF', E'Djibouti Franc');

INSERT INTO public."CurrencyCode" ("CurrencyCode", "CurrencyName")
VALUES (E'DKK', E'Danish Krone');

INSERT INTO public."CurrencyCode" ("CurrencyCode", "CurrencyName")
VALUES (E'DOP', E'Dominican Peso');

INSERT INTO public."CurrencyCode" ("CurrencyCode", "CurrencyName")
VALUES (E'DZD', E'Algerian Dinar');

INSERT INTO public."CurrencyCode" ("CurrencyCode", "CurrencyName")
VALUES (E'EEK', E'Kroon');

INSERT INTO public."CurrencyCode" ("CurrencyCode", "CurrencyName")
VALUES (E'EGP', E'Egyptian Pound');

INSERT INTO public."CurrencyCode" ("CurrencyCode", "CurrencyName")
VALUES (E'ERN', E'Nakfa');

INSERT INTO public."CurrencyCode" ("CurrencyCode", "CurrencyName")
VALUES (E'ETB', E'Ethiopian Birr');

INSERT INTO public."CurrencyCode" ("CurrencyCode", "CurrencyName")
VALUES (E'EUR', E'Euro');

INSERT INTO public."CurrencyCode" ("CurrencyCode", "CurrencyName")
VALUES (E'FJD', E'Fiji Dollar');

INSERT INTO public."CurrencyCode" ("CurrencyCode", "CurrencyName")
VALUES (E'FKP', E'Falkland Islands Pound');

INSERT INTO public."CurrencyCode" ("CurrencyCode", "CurrencyName")
VALUES (E'GBP', E'Pound Sterling');

INSERT INTO public."CurrencyCode" ("CurrencyCode", "CurrencyName")
VALUES (E'GEL', E'Lari');

INSERT INTO public."CurrencyCode" ("CurrencyCode", "CurrencyName")
VALUES (E'GHS', E'Cedi');

INSERT INTO public."CurrencyCode" ("CurrencyCode", "CurrencyName")
VALUES (E'GIP', E'Gibraltar pound');

INSERT INTO public."CurrencyCode" ("CurrencyCode", "CurrencyName")
VALUES (E'GMD', E'Dalasi');

INSERT INTO public."CurrencyCode" ("CurrencyCode", "CurrencyName")
VALUES (E'GNF', E'Guinea Franc');

INSERT INTO public."CurrencyCode" ("CurrencyCode", "CurrencyName")
VALUES (E'GTQ', E'Quetzal');

INSERT INTO public."CurrencyCode" ("CurrencyCode", "CurrencyName")
VALUES (E'GYD', E'Guyana Dollar');

INSERT INTO public."CurrencyCode" ("CurrencyCode", "CurrencyName")
VALUES (E'HKD', E'Hong Kong Dollar');

INSERT INTO public."CurrencyCode" ("CurrencyCode", "CurrencyName")
VALUES (E'HNL', E'Lempira');

INSERT INTO public."CurrencyCode" ("CurrencyCode", "CurrencyName")
VALUES (E'HRK', E'Croatian Kuna');

INSERT INTO public."CurrencyCode" ("CurrencyCode", "CurrencyName")
VALUES (E'HTG', E'Haiti Gourde');

INSERT INTO public."CurrencyCode" ("CurrencyCode", "CurrencyName")
VALUES (E'HUF', E'Forint');

INSERT INTO public."CurrencyCode" ("CurrencyCode", "CurrencyName")
VALUES (E'IDR', E'Rupiah');

INSERT INTO public."CurrencyCode" ("CurrencyCode", "CurrencyName")
VALUES (E'ILS', E'New Israeli Shekel');

INSERT INTO public."CurrencyCode" ("CurrencyCode", "CurrencyName")
VALUES (E'INR', E'Indian Rupee');

INSERT INTO public."CurrencyCode" ("CurrencyCode", "CurrencyName")
VALUES (E'IQD', E'Iraqi Dinar');

INSERT INTO public."CurrencyCode" ("CurrencyCode", "CurrencyName")
VALUES (E'IRR', E'Iranian Rial');

INSERT INTO public."CurrencyCode" ("CurrencyCode", "CurrencyName")
VALUES (E'ISK', E'Iceland Krona');

INSERT INTO public."CurrencyCode" ("CurrencyCode", "CurrencyName")
VALUES (E'JMD', E'Jamaican Dollar');

INSERT INTO public."CurrencyCode" ("CurrencyCode", "CurrencyName")
VALUES (E'JOD', E'Jordanian Dinar');

INSERT INTO public."CurrencyCode" ("CurrencyCode", "CurrencyName")
VALUES (E'JPY', E'Japanese yen');

INSERT INTO public."CurrencyCode" ("CurrencyCode", "CurrencyName")
VALUES (E'KES', E'Kenyan Shilling');

INSERT INTO public."CurrencyCode" ("CurrencyCode", "CurrencyName")
VALUES (E'KGS', E'Som');

INSERT INTO public."CurrencyCode" ("CurrencyCode", "CurrencyName")
VALUES (E'KHR', E'Riel');

INSERT INTO public."CurrencyCode" ("CurrencyCode", "CurrencyName")
VALUES (E'KMF', E'Comoro Franc');

INSERT INTO public."CurrencyCode" ("CurrencyCode", "CurrencyName")
VALUES (E'KPW', E'North Korean Won');

INSERT INTO public."CurrencyCode" ("CurrencyCode", "CurrencyName")
VALUES (E'KRW', E'South Korean Won');

INSERT INTO public."CurrencyCode" ("CurrencyCode", "CurrencyName")
VALUES (E'KWD', E'Kuwaiti Dinar');

INSERT INTO public."CurrencyCode" ("CurrencyCode", "CurrencyName")
VALUES (E'KYD', E'Cayman Islands Dollar');

INSERT INTO public."CurrencyCode" ("CurrencyCode", "CurrencyName")
VALUES (E'KZT', E'Tenge');

INSERT INTO public."CurrencyCode" ("CurrencyCode", "CurrencyName")
VALUES (E'LAK', E'Kip');

INSERT INTO public."CurrencyCode" ("CurrencyCode", "CurrencyName")
VALUES (E'LBP', E'Lebanese Pound');

INSERT INTO public."CurrencyCode" ("CurrencyCode", "CurrencyName")
VALUES (E'LKR', E'Sri Lanka Rupee');

INSERT INTO public."CurrencyCode" ("CurrencyCode", "CurrencyName")
VALUES (E'LRD', E'Liberian Dollar');

INSERT INTO public."CurrencyCode" ("CurrencyCode", "CurrencyName")
VALUES (E'LSL', E'Loti');

INSERT INTO public."CurrencyCode" ("CurrencyCode", "CurrencyName")
VALUES (E'LTL', E'Lithuanian Litas');

INSERT INTO public."CurrencyCode" ("CurrencyCode", "CurrencyName")
VALUES (E'LVL', E'Latvian Lats');

INSERT INTO public."CurrencyCode" ("CurrencyCode", "CurrencyName")
VALUES (E'LYD', E'Libyan Dinar');

INSERT INTO public."CurrencyCode" ("CurrencyCode", "CurrencyName")
VALUES (E'MAD', E'Moroccan Dirham');

INSERT INTO public."CurrencyCode" ("CurrencyCode", "CurrencyName")
VALUES (E'MDL', E'Moldovan Leu');

INSERT INTO public."CurrencyCode" ("CurrencyCode", "CurrencyName")
VALUES (E'MGA', E'Malagasy Ariary');

INSERT INTO public."CurrencyCode" ("CurrencyCode", "CurrencyName")
VALUES (E'MKD', E'Denar');

INSERT INTO public."CurrencyCode" ("CurrencyCode", "CurrencyName")
VALUES (E'MMK', E'Kyat');

INSERT INTO public."CurrencyCode" ("CurrencyCode", "CurrencyName")
VALUES (E'MNT', E'Tugrik');

INSERT INTO public."CurrencyCode" ("CurrencyCode", "CurrencyName")
VALUES (E'MOP', E'Pataca');

INSERT INTO public."CurrencyCode" ("CurrencyCode", "CurrencyName")
VALUES (E'MRO', E'Ouguiya');

INSERT INTO public."CurrencyCode" ("CurrencyCode", "CurrencyName")
VALUES (E'MTL', E'Maltese Lira');

INSERT INTO public."CurrencyCode" ("CurrencyCode", "CurrencyName")
VALUES (E'MUR', E'Mauritius Rupee');

INSERT INTO public."CurrencyCode" ("CurrencyCode", "CurrencyName")
VALUES (E'MVR', E'Rufiyaa');

INSERT INTO public."CurrencyCode" ("CurrencyCode", "CurrencyName")
VALUES (E'MWK', E'Kwacha');

INSERT INTO public."CurrencyCode" ("CurrencyCode", "CurrencyName")
VALUES (E'MXN', E'Mexican Peso');

INSERT INTO public."CurrencyCode" ("CurrencyCode", "CurrencyName")
VALUES (E'MXV', E'Mexican Unidad de Inversion (UDI) (Funds code)');

INSERT INTO public."CurrencyCode" ("CurrencyCode", "CurrencyName")
VALUES (E'MYR', E'Malaysian Ringgit');

INSERT INTO public."CurrencyCode" ("CurrencyCode", "CurrencyName")
VALUES (E'MZN', E'Metical');

INSERT INTO public."CurrencyCode" ("CurrencyCode", "CurrencyName")
VALUES (E'NAD', E'Namibian Dollar');

INSERT INTO public."CurrencyCode" ("CurrencyCode", "CurrencyName")
VALUES (E'NGN', E'Naira');

INSERT INTO public."CurrencyCode" ("CurrencyCode", "CurrencyName")
VALUES (E'NIO', E'Cordoba Oro');

INSERT INTO public."CurrencyCode" ("CurrencyCode", "CurrencyName")
VALUES (E'NOK', E'Norwegian Krone');

INSERT INTO public."CurrencyCode" ("CurrencyCode", "CurrencyName")
VALUES (E'NPR', E'Nepalese Rupee');

INSERT INTO public."CurrencyCode" ("CurrencyCode", "CurrencyName")
VALUES (E'NZD', E'New Zealand Dollar');

INSERT INTO public."CurrencyCode" ("CurrencyCode", "CurrencyName")
VALUES (E'OMR', E'Rial Omani');

INSERT INTO public."CurrencyCode" ("CurrencyCode", "CurrencyName")
VALUES (E'PAB', E'Balboa');

INSERT INTO public."CurrencyCode" ("CurrencyCode", "CurrencyName")
VALUES (E'PEN', E'Nuevo Sol');

INSERT INTO public."CurrencyCode" ("CurrencyCode", "CurrencyName")
VALUES (E'PGK', E'Kina');

INSERT INTO public."CurrencyCode" ("CurrencyCode", "CurrencyName")
VALUES (E'PHP', E'Philippine Peso');

INSERT INTO public."CurrencyCode" ("CurrencyCode", "CurrencyName")
VALUES (E'PKR', E'Pakistan Rupee');

INSERT INTO public."CurrencyCode" ("CurrencyCode", "CurrencyName")
VALUES (E'PLN', E'Zloty');

INSERT INTO public."CurrencyCode" ("CurrencyCode", "CurrencyName")
VALUES (E'PYG', E'Guarani');

INSERT INTO public."CurrencyCode" ("CurrencyCode", "CurrencyName")
VALUES (E'QAR', E'Qatari Rial');

INSERT INTO public."CurrencyCode" ("CurrencyCode", "CurrencyName")
VALUES (E'RON', E'Romanian New Leu');

INSERT INTO public."CurrencyCode" ("CurrencyCode", "CurrencyName")
VALUES (E'RSD', E'Serbian Dinar');

INSERT INTO public."CurrencyCode" ("CurrencyCode", "CurrencyName")
VALUES (E'RUB', E'Russian Ruble');

INSERT INTO public."CurrencyCode" ("CurrencyCode", "CurrencyName")
VALUES (E'RWF', E'Rwanda Franc');

INSERT INTO public."CurrencyCode" ("CurrencyCode", "CurrencyName")
VALUES (E'SAR', E'Saudi Riyal');

INSERT INTO public."CurrencyCode" ("CurrencyCode", "CurrencyName")
VALUES (E'SBD', E'Solomon Islands Dollar');

INSERT INTO public."CurrencyCode" ("CurrencyCode", "CurrencyName")
VALUES (E'SCR', E'Seychelles Rupee');

INSERT INTO public."CurrencyCode" ("CurrencyCode", "CurrencyName")
VALUES (E'SDG', E'Sudanese Pound');

INSERT INTO public."CurrencyCode" ("CurrencyCode", "CurrencyName")
VALUES (E'SEK', E'Swedish Krona');

INSERT INTO public."CurrencyCode" ("CurrencyCode", "CurrencyName")
VALUES (E'SGD', E'Singapore Dollar');

INSERT INTO public."CurrencyCode" ("CurrencyCode", "CurrencyName")
VALUES (E'SHP', E'Saint Helena Pound');

INSERT INTO public."CurrencyCode" ("CurrencyCode", "CurrencyName")
VALUES (E'SKK', E'Slovak Koruna');

INSERT INTO public."CurrencyCode" ("CurrencyCode", "CurrencyName")
VALUES (E'SLL', E'Leone');

INSERT INTO public."CurrencyCode" ("CurrencyCode", "CurrencyName")
VALUES (E'SOS', E'Somali Shilling');

INSERT INTO public."CurrencyCode" ("CurrencyCode", "CurrencyName")
VALUES (E'SRD', E'Surinam Dollar');

INSERT INTO public."CurrencyCode" ("CurrencyCode", "CurrencyName")
VALUES (E'STD', E'Dobra');

INSERT INTO public."CurrencyCode" ("CurrencyCode", "CurrencyName")
VALUES (E'SYP', E'Syrian Pound');

INSERT INTO public."CurrencyCode" ("CurrencyCode", "CurrencyName")
VALUES (E'SZL', E'Lilangeni');

INSERT INTO public."CurrencyCode" ("CurrencyCode", "CurrencyName")
VALUES (E'THB', E'Baht');

INSERT INTO public."CurrencyCode" ("CurrencyCode", "CurrencyName")
VALUES (E'TJS', E'Somoni');

INSERT INTO public."CurrencyCode" ("CurrencyCode", "CurrencyName")
VALUES (E'TMM', E'Manat');

INSERT INTO public."CurrencyCode" ("CurrencyCode", "CurrencyName")
VALUES (E'TND', E'Tunisian Dinar');

INSERT INTO public."CurrencyCode" ("CurrencyCode", "CurrencyName")
VALUES (E'TOP', E'Pa''anga');

INSERT INTO public."CurrencyCode" ("CurrencyCode", "CurrencyName")
VALUES (E'TRY', E'New Turkish Lira');

INSERT INTO public."CurrencyCode" ("CurrencyCode", "CurrencyName")
VALUES (E'TTD', E'Trinidad and Tobago Dollar');

INSERT INTO public."CurrencyCode" ("CurrencyCode", "CurrencyName")
VALUES (E'TWD', E'New Taiwan Dollar');

INSERT INTO public."CurrencyCode" ("CurrencyCode", "CurrencyName")
VALUES (E'TZS', E'Tanzanian Shilling');

INSERT INTO public."CurrencyCode" ("CurrencyCode", "CurrencyName")
VALUES (E'UAH', E'Hryvnia');

INSERT INTO public."CurrencyCode" ("CurrencyCode", "CurrencyName")
VALUES (E'UGX', E'Uganda Shilling');

INSERT INTO public."CurrencyCode" ("CurrencyCode", "CurrencyName")
VALUES (E'USD', E'US Dollar');

INSERT INTO public."CurrencyCode" ("CurrencyCode", "CurrencyName")
VALUES (E'UYU', E'Peso Uruguayo');

INSERT INTO public."CurrencyCode" ("CurrencyCode", "CurrencyName")
VALUES (E'UZS', E'Uzbekistan Som');

INSERT INTO public."CurrencyCode" ("CurrencyCode", "CurrencyName")
VALUES (E'VEB', E'Venezuelan bolívar');

INSERT INTO public."CurrencyCode" ("CurrencyCode", "CurrencyName")
VALUES (E'VND', E'Vietnamese d?ng');

INSERT INTO public."CurrencyCode" ("CurrencyCode", "CurrencyName")
VALUES (E'VUV', E'Vatu');

INSERT INTO public."CurrencyCode" ("CurrencyCode", "CurrencyName")
VALUES (E'WST', E'Samoan Tala');

INSERT INTO public."CurrencyCode" ("CurrencyCode", "CurrencyName")
VALUES (E'XAF', E'CFA Franc BEAC');

INSERT INTO public."CurrencyCode" ("CurrencyCode", "CurrencyName")
VALUES (E'XAG', E'Silver (one Troy ounce)');

INSERT INTO public."CurrencyCode" ("CurrencyCode", "CurrencyName")
VALUES (E'XAU', E'Gold (one Troy ounce)');

INSERT INTO public."CurrencyCode" ("CurrencyCode", "CurrencyName")
VALUES (E'XBA', E'European Composite Unit (EURCO) (Bonds market unit)');

INSERT INTO public."CurrencyCode" ("CurrencyCode", "CurrencyName")
VALUES (E'XBB', E'European Monetary Unit (E.M.U.-6) (Bonds market unit)');

INSERT INTO public."CurrencyCode" ("CurrencyCode", "CurrencyName")
VALUES (E'XBC', E'European Unit of Account 9 (E.U.A.-9) (Bonds market unit)');

INSERT INTO public."CurrencyCode" ("CurrencyCode", "CurrencyName")
VALUES (E'XBD', E'European Unit of Account 17 (E.U.A.-17) (Bonds market unit)');

INSERT INTO public."CurrencyCode" ("CurrencyCode", "CurrencyName")
VALUES (E'XCD', E'East Caribbean Dollar');

INSERT INTO public."CurrencyCode" ("CurrencyCode", "CurrencyName")
VALUES (E'XDR', E'Special Drawing Rights');

INSERT INTO public."CurrencyCode" ("CurrencyCode", "CurrencyName")
VALUES (E'XFO', E'Gold franc (special settlement currency)');

INSERT INTO public."CurrencyCode" ("CurrencyCode", "CurrencyName")
VALUES (E'XFU', E'UIC franc (special settlement currency)');

INSERT INTO public."CurrencyCode" ("CurrencyCode", "CurrencyName")
VALUES (E'XOF', E'CFA Franc BCEAO');

INSERT INTO public."CurrencyCode" ("CurrencyCode", "CurrencyName")
VALUES (E'XPD', E'Palladium (one Troy ounce)');

INSERT INTO public."CurrencyCode" ("CurrencyCode", "CurrencyName")
VALUES (E'XPF', E'CFP franc');

INSERT INTO public."CurrencyCode" ("CurrencyCode", "CurrencyName")
VALUES (E'XPT', E'Platinum (one Troy ounce)');

INSERT INTO public."CurrencyCode" ("CurrencyCode", "CurrencyName")
VALUES (E'XTS', E'Code reserved for testing purposes');

INSERT INTO public."CurrencyCode" ("CurrencyCode", "CurrencyName")
VALUES (E'XXX', E'No currency');

INSERT INTO public."CurrencyCode" ("CurrencyCode", "CurrencyName")
VALUES (E'YER', E'Yemeni Rial');

INSERT INTO public."CurrencyCode" ("CurrencyCode", "CurrencyName")
VALUES (E'ZAR', E'South African Rand');

INSERT INTO public."CurrencyCode" ("CurrencyCode", "CurrencyName")
VALUES (E'ZMK', E'Kwacha');

INSERT INTO public."CurrencyCode" ("CurrencyCode", "CurrencyName")
VALUES (E'ZWD', E'Zimbabwe Dollar');

/* Data for the 'public.CountryCode' table  (Records 1 - 252) */

INSERT INTO public."CountryCode" ("CountryCode", "CountryName", "CurrencyCode")
VALUES (E'AD', E'Andorra', NULL);

INSERT INTO public."CountryCode" ("CountryCode", "CountryName", "CurrencyCode")
VALUES (E'AE', E'United Arab Emirates', E'AED');

INSERT INTO public."CountryCode" ("CountryCode", "CountryName", "CurrencyCode")
VALUES (E'AF', E'Afghanistan', E'AFN');

INSERT INTO public."CountryCode" ("CountryCode", "CountryName", "CurrencyCode")
VALUES (E'AG', E'Antigua and Barbuda', NULL);

INSERT INTO public."CountryCode" ("CountryCode", "CountryName", "CurrencyCode")
VALUES (E'AI', E'Anguilla', NULL);

INSERT INTO public."CountryCode" ("CountryCode", "CountryName", "CurrencyCode")
VALUES (E'AL', E'Albania', E'ALL');

INSERT INTO public."CountryCode" ("CountryCode", "CountryName", "CurrencyCode")
VALUES (E'AM', E'Armenia', E'AMD');

INSERT INTO public."CountryCode" ("CountryCode", "CountryName", "CurrencyCode")
VALUES (E'AN', E'Netherlands Antilles', E'ANG');

INSERT INTO public."CountryCode" ("CountryCode", "CountryName", "CurrencyCode")
VALUES (E'AO', E'Angola', E'AOA');

INSERT INTO public."CountryCode" ("CountryCode", "CountryName", "CurrencyCode")
VALUES (E'AQ', E'Antarctica', E'USD');

INSERT INTO public."CountryCode" ("CountryCode", "CountryName", "CurrencyCode")
VALUES (E'AR', E'Argentina', E'ARS');

INSERT INTO public."CountryCode" ("CountryCode", "CountryName", "CurrencyCode")
VALUES (E'ARPA', E'Old style Arpanet', NULL);

INSERT INTO public."CountryCode" ("CountryCode", "CountryName", "CurrencyCode")
VALUES (E'AS', E'American Samoa', NULL);

INSERT INTO public."CountryCode" ("CountryCode", "CountryName", "CurrencyCode")
VALUES (E'AT', E'Austria', E'EUR');

INSERT INTO public."CountryCode" ("CountryCode", "CountryName", "CurrencyCode")
VALUES (E'AU', E'Australia', E'AUD');

INSERT INTO public."CountryCode" ("CountryCode", "CountryName", "CurrencyCode")
VALUES (E'AW', E'Aruba', E'AWG');

INSERT INTO public."CountryCode" ("CountryCode", "CountryName", "CurrencyCode")
VALUES (E'AZ', E'Azerbaidjan', E'AZN');

INSERT INTO public."CountryCode" ("CountryCode", "CountryName", "CurrencyCode")
VALUES (E'BA', E'Bosnia-Herzegovina', E'BAM');

INSERT INTO public."CountryCode" ("CountryCode", "CountryName", "CurrencyCode")
VALUES (E'BB', E'Barbados', E'BBD');

INSERT INTO public."CountryCode" ("CountryCode", "CountryName", "CurrencyCode")
VALUES (E'BD', E'Bangladesh', E'BDT');

INSERT INTO public."CountryCode" ("CountryCode", "CountryName", "CurrencyCode")
VALUES (E'BE', E'Belgium', E'EUR');

INSERT INTO public."CountryCode" ("CountryCode", "CountryName", "CurrencyCode")
VALUES (E'BF', E'Burkina Faso', NULL);

INSERT INTO public."CountryCode" ("CountryCode", "CountryName", "CurrencyCode")
VALUES (E'BG', E'Bulgaria', E'BGN');

INSERT INTO public."CountryCode" ("CountryCode", "CountryName", "CurrencyCode")
VALUES (E'BH', E'Bahrain', E'BHD');

INSERT INTO public."CountryCode" ("CountryCode", "CountryName", "CurrencyCode")
VALUES (E'BI', E'Burundi', E'BIF');

INSERT INTO public."CountryCode" ("CountryCode", "CountryName", "CurrencyCode")
VALUES (E'BJ', E'Benin', NULL);

INSERT INTO public."CountryCode" ("CountryCode", "CountryName", "CurrencyCode")
VALUES (E'BM', E'Bermuda', E'BMD');

INSERT INTO public."CountryCode" ("CountryCode", "CountryName", "CurrencyCode")
VALUES (E'BN', E'Brunei Darussalam', E'BND');

INSERT INTO public."CountryCode" ("CountryCode", "CountryName", "CurrencyCode")
VALUES (E'BO', E'Bolivia', E'BOB');

INSERT INTO public."CountryCode" ("CountryCode", "CountryName", "CurrencyCode")
VALUES (E'BR', E'Brazil', E'BRL');

INSERT INTO public."CountryCode" ("CountryCode", "CountryName", "CurrencyCode")
VALUES (E'BS', E'Bahamas', E'BSD');

INSERT INTO public."CountryCode" ("CountryCode", "CountryName", "CurrencyCode")
VALUES (E'BT', E'Bhutan', E'BTN');

INSERT INTO public."CountryCode" ("CountryCode", "CountryName", "CurrencyCode")
VALUES (E'BV', E'Bouvet Island', NULL);

INSERT INTO public."CountryCode" ("CountryCode", "CountryName", "CurrencyCode")
VALUES (E'BW', E'Botswana', E'BWP');

INSERT INTO public."CountryCode" ("CountryCode", "CountryName", "CurrencyCode")
VALUES (E'BY', E'Belarus', E'BYR');

INSERT INTO public."CountryCode" ("CountryCode", "CountryName", "CurrencyCode")
VALUES (E'BZ', E'Belize', E'BZD');

INSERT INTO public."CountryCode" ("CountryCode", "CountryName", "CurrencyCode")
VALUES (E'CA', E'Canada', E'CAD');

INSERT INTO public."CountryCode" ("CountryCode", "CountryName", "CurrencyCode")
VALUES (E'CC', E'Cocos (Keeling) Islands', NULL);

INSERT INTO public."CountryCode" ("CountryCode", "CountryName", "CurrencyCode")
VALUES (E'CF', E'Central African Republic', NULL);

INSERT INTO public."CountryCode" ("CountryCode", "CountryName", "CurrencyCode")
VALUES (E'CG', E'Congo', NULL);

INSERT INTO public."CountryCode" ("CountryCode", "CountryName", "CurrencyCode")
VALUES (E'CH', E'Switzerland', NULL);

INSERT INTO public."CountryCode" ("CountryCode", "CountryName", "CurrencyCode")
VALUES (E'CI', E'Ivory Coast (Cote D''Ivoire)', NULL);

INSERT INTO public."CountryCode" ("CountryCode", "CountryName", "CurrencyCode")
VALUES (E'CK', E'Cook Islands', NULL);

INSERT INTO public."CountryCode" ("CountryCode", "CountryName", "CurrencyCode")
VALUES (E'CL', E'Chile', NULL);

INSERT INTO public."CountryCode" ("CountryCode", "CountryName", "CurrencyCode")
VALUES (E'CM', E'Cameroon', NULL);

INSERT INTO public."CountryCode" ("CountryCode", "CountryName", "CurrencyCode")
VALUES (E'CN', E'China', NULL);

INSERT INTO public."CountryCode" ("CountryCode", "CountryName", "CurrencyCode")
VALUES (E'CO', E'Colombia', NULL);

INSERT INTO public."CountryCode" ("CountryCode", "CountryName", "CurrencyCode")
VALUES (E'COM', E'Commercial', NULL);

INSERT INTO public."CountryCode" ("CountryCode", "CountryName", "CurrencyCode")
VALUES (E'CR', E'Costa Rica', NULL);

INSERT INTO public."CountryCode" ("CountryCode", "CountryName", "CurrencyCode")
VALUES (E'CS', E'Former Czechoslovakia', NULL);

INSERT INTO public."CountryCode" ("CountryCode", "CountryName", "CurrencyCode")
VALUES (E'CU', E'Cuba', NULL);

INSERT INTO public."CountryCode" ("CountryCode", "CountryName", "CurrencyCode")
VALUES (E'CV', E'Cape Verde', NULL);

INSERT INTO public."CountryCode" ("CountryCode", "CountryName", "CurrencyCode")
VALUES (E'CX', E'Christmas Island', NULL);

INSERT INTO public."CountryCode" ("CountryCode", "CountryName", "CurrencyCode")
VALUES (E'CY', E'Cyprus', NULL);

INSERT INTO public."CountryCode" ("CountryCode", "CountryName", "CurrencyCode")
VALUES (E'CZ', E'Czech Republic', NULL);

INSERT INTO public."CountryCode" ("CountryCode", "CountryName", "CurrencyCode")
VALUES (E'DE', E'Germany', NULL);

INSERT INTO public."CountryCode" ("CountryCode", "CountryName", "CurrencyCode")
VALUES (E'DJ', E'Djibouti', NULL);

INSERT INTO public."CountryCode" ("CountryCode", "CountryName", "CurrencyCode")
VALUES (E'DK', E'Denmark', NULL);

INSERT INTO public."CountryCode" ("CountryCode", "CountryName", "CurrencyCode")
VALUES (E'DM', E'Dominica', NULL);

INSERT INTO public."CountryCode" ("CountryCode", "CountryName", "CurrencyCode")
VALUES (E'DO', E'Dominican Republic', NULL);

INSERT INTO public."CountryCode" ("CountryCode", "CountryName", "CurrencyCode")
VALUES (E'DZ', E'Algeria', NULL);

INSERT INTO public."CountryCode" ("CountryCode", "CountryName", "CurrencyCode")
VALUES (E'EC', E'Ecuador', NULL);

INSERT INTO public."CountryCode" ("CountryCode", "CountryName", "CurrencyCode")
VALUES (E'EDU', E'USA Educational', NULL);

INSERT INTO public."CountryCode" ("CountryCode", "CountryName", "CurrencyCode")
VALUES (E'EE', E'Estonia', NULL);

INSERT INTO public."CountryCode" ("CountryCode", "CountryName", "CurrencyCode")
VALUES (E'EG', E'Egypt', NULL);

INSERT INTO public."CountryCode" ("CountryCode", "CountryName", "CurrencyCode")
VALUES (E'EH', E'Western Sahara', NULL);

INSERT INTO public."CountryCode" ("CountryCode", "CountryName", "CurrencyCode")
VALUES (E'ER', E'Eritrea', NULL);

INSERT INTO public."CountryCode" ("CountryCode", "CountryName", "CurrencyCode")
VALUES (E'ES', E'Spain', NULL);

INSERT INTO public."CountryCode" ("CountryCode", "CountryName", "CurrencyCode")
VALUES (E'ET', E'Ethiopia', NULL);

INSERT INTO public."CountryCode" ("CountryCode", "CountryName", "CurrencyCode")
VALUES (E'FI', E'Finland', NULL);

INSERT INTO public."CountryCode" ("CountryCode", "CountryName", "CurrencyCode")
VALUES (E'FJ', E'Fiji', NULL);

INSERT INTO public."CountryCode" ("CountryCode", "CountryName", "CurrencyCode")
VALUES (E'FK', E'Falkland Islands', NULL);

INSERT INTO public."CountryCode" ("CountryCode", "CountryName", "CurrencyCode")
VALUES (E'FM', E'Micronesia', NULL);

INSERT INTO public."CountryCode" ("CountryCode", "CountryName", "CurrencyCode")
VALUES (E'FO', E'Faroe Islands', NULL);

INSERT INTO public."CountryCode" ("CountryCode", "CountryName", "CurrencyCode")
VALUES (E'FR', E'France', NULL);

INSERT INTO public."CountryCode" ("CountryCode", "CountryName", "CurrencyCode")
VALUES (E'FX', E'France (European Territory)', NULL);

INSERT INTO public."CountryCode" ("CountryCode", "CountryName", "CurrencyCode")
VALUES (E'GA', E'Gabon', NULL);

INSERT INTO public."CountryCode" ("CountryCode", "CountryName", "CurrencyCode")
VALUES (E'GB', E'Great Britain', NULL);

INSERT INTO public."CountryCode" ("CountryCode", "CountryName", "CurrencyCode")
VALUES (E'GD', E'Grenada', NULL);

INSERT INTO public."CountryCode" ("CountryCode", "CountryName", "CurrencyCode")
VALUES (E'GE', E'Georgia', NULL);

INSERT INTO public."CountryCode" ("CountryCode", "CountryName", "CurrencyCode")
VALUES (E'GF', E'French Guyana', NULL);

INSERT INTO public."CountryCode" ("CountryCode", "CountryName", "CurrencyCode")
VALUES (E'GH', E'Ghana', NULL);

INSERT INTO public."CountryCode" ("CountryCode", "CountryName", "CurrencyCode")
VALUES (E'GI', E'Gibraltar', NULL);

INSERT INTO public."CountryCode" ("CountryCode", "CountryName", "CurrencyCode")
VALUES (E'GL', E'Greenland', NULL);

INSERT INTO public."CountryCode" ("CountryCode", "CountryName", "CurrencyCode")
VALUES (E'GM', E'Gambia', NULL);

INSERT INTO public."CountryCode" ("CountryCode", "CountryName", "CurrencyCode")
VALUES (E'GN', E'Guinea', NULL);

INSERT INTO public."CountryCode" ("CountryCode", "CountryName", "CurrencyCode")
VALUES (E'GOV', E'USA Government', NULL);

INSERT INTO public."CountryCode" ("CountryCode", "CountryName", "CurrencyCode")
VALUES (E'GP', E'Guadeloupe (French)', NULL);

INSERT INTO public."CountryCode" ("CountryCode", "CountryName", "CurrencyCode")
VALUES (E'GQ', E'Equatorial Guinea', NULL);

INSERT INTO public."CountryCode" ("CountryCode", "CountryName", "CurrencyCode")
VALUES (E'GR', E'Greece', NULL);

INSERT INTO public."CountryCode" ("CountryCode", "CountryName", "CurrencyCode")
VALUES (E'GS', E'S. Georgia & S. Sandwich Isls.', NULL);

INSERT INTO public."CountryCode" ("CountryCode", "CountryName", "CurrencyCode")
VALUES (E'GT', E'Guatemala', NULL);

INSERT INTO public."CountryCode" ("CountryCode", "CountryName", "CurrencyCode")
VALUES (E'GU', E'Guam (USA)', NULL);

INSERT INTO public."CountryCode" ("CountryCode", "CountryName", "CurrencyCode")
VALUES (E'GW', E'Guinea Bissau', NULL);

INSERT INTO public."CountryCode" ("CountryCode", "CountryName", "CurrencyCode")
VALUES (E'GY', E'Guyana', NULL);

INSERT INTO public."CountryCode" ("CountryCode", "CountryName", "CurrencyCode")
VALUES (E'HK', E'Hong Kong', NULL);

INSERT INTO public."CountryCode" ("CountryCode", "CountryName", "CurrencyCode")
VALUES (E'HM', E'Heard and McDonald Islands', NULL);

INSERT INTO public."CountryCode" ("CountryCode", "CountryName", "CurrencyCode")
VALUES (E'HN', E'Honduras', NULL);

INSERT INTO public."CountryCode" ("CountryCode", "CountryName", "CurrencyCode")
VALUES (E'HR', E'Croatia', NULL);

INSERT INTO public."CountryCode" ("CountryCode", "CountryName", "CurrencyCode")
VALUES (E'HT', E'Haiti', NULL);

INSERT INTO public."CountryCode" ("CountryCode", "CountryName", "CurrencyCode")
VALUES (E'HU', E'Hungary', NULL);

INSERT INTO public."CountryCode" ("CountryCode", "CountryName", "CurrencyCode")
VALUES (E'ID', E'Indonesia', NULL);

INSERT INTO public."CountryCode" ("CountryCode", "CountryName", "CurrencyCode")
VALUES (E'IE', E'Ireland', NULL);

INSERT INTO public."CountryCode" ("CountryCode", "CountryName", "CurrencyCode")
VALUES (E'IL', E'Israel', NULL);

INSERT INTO public."CountryCode" ("CountryCode", "CountryName", "CurrencyCode")
VALUES (E'IN', E'India', NULL);

INSERT INTO public."CountryCode" ("CountryCode", "CountryName", "CurrencyCode")
VALUES (E'INT', E'International', NULL);

INSERT INTO public."CountryCode" ("CountryCode", "CountryName", "CurrencyCode")
VALUES (E'IO', E'British Indian Ocean Territory', NULL);

INSERT INTO public."CountryCode" ("CountryCode", "CountryName", "CurrencyCode")
VALUES (E'IQ', E'Iraq', NULL);

INSERT INTO public."CountryCode" ("CountryCode", "CountryName", "CurrencyCode")
VALUES (E'IR', E'Iran', NULL);

INSERT INTO public."CountryCode" ("CountryCode", "CountryName", "CurrencyCode")
VALUES (E'IS', E'Iceland', NULL);

INSERT INTO public."CountryCode" ("CountryCode", "CountryName", "CurrencyCode")
VALUES (E'IT', E'Italy', NULL);

INSERT INTO public."CountryCode" ("CountryCode", "CountryName", "CurrencyCode")
VALUES (E'JM', E'Jamaica', NULL);

INSERT INTO public."CountryCode" ("CountryCode", "CountryName", "CurrencyCode")
VALUES (E'JO', E'Jordan', NULL);

INSERT INTO public."CountryCode" ("CountryCode", "CountryName", "CurrencyCode")
VALUES (E'JP', E'Japan', NULL);

INSERT INTO public."CountryCode" ("CountryCode", "CountryName", "CurrencyCode")
VALUES (E'KE', E'Kenya', NULL);

INSERT INTO public."CountryCode" ("CountryCode", "CountryName", "CurrencyCode")
VALUES (E'KG', E'Kyrgyzstan', NULL);

INSERT INTO public."CountryCode" ("CountryCode", "CountryName", "CurrencyCode")
VALUES (E'KH', E'Cambodia', NULL);

INSERT INTO public."CountryCode" ("CountryCode", "CountryName", "CurrencyCode")
VALUES (E'KI', E'Kiribati', NULL);

INSERT INTO public."CountryCode" ("CountryCode", "CountryName", "CurrencyCode")
VALUES (E'KM', E'Comoros', NULL);

INSERT INTO public."CountryCode" ("CountryCode", "CountryName", "CurrencyCode")
VALUES (E'KN', E'Saint Kitts & Nevis Anguilla', NULL);

INSERT INTO public."CountryCode" ("CountryCode", "CountryName", "CurrencyCode")
VALUES (E'KP', E'North Korea', NULL);

INSERT INTO public."CountryCode" ("CountryCode", "CountryName", "CurrencyCode")
VALUES (E'KR', E'South Korea', NULL);

INSERT INTO public."CountryCode" ("CountryCode", "CountryName", "CurrencyCode")
VALUES (E'KW', E'Kuwait', NULL);

INSERT INTO public."CountryCode" ("CountryCode", "CountryName", "CurrencyCode")
VALUES (E'KY', E'Cayman Islands', NULL);

INSERT INTO public."CountryCode" ("CountryCode", "CountryName", "CurrencyCode")
VALUES (E'KZ', E'Kazakhstan', NULL);

INSERT INTO public."CountryCode" ("CountryCode", "CountryName", "CurrencyCode")
VALUES (E'LA', E'Laos', NULL);

INSERT INTO public."CountryCode" ("CountryCode", "CountryName", "CurrencyCode")
VALUES (E'LB', E'Lebanon', NULL);

INSERT INTO public."CountryCode" ("CountryCode", "CountryName", "CurrencyCode")
VALUES (E'LC', E'Saint Lucia', NULL);

INSERT INTO public."CountryCode" ("CountryCode", "CountryName", "CurrencyCode")
VALUES (E'LI', E'Liechtenstein', NULL);

INSERT INTO public."CountryCode" ("CountryCode", "CountryName", "CurrencyCode")
VALUES (E'LK', E'Sri Lanka', NULL);

INSERT INTO public."CountryCode" ("CountryCode", "CountryName", "CurrencyCode")
VALUES (E'LR', E'Liberia', NULL);

INSERT INTO public."CountryCode" ("CountryCode", "CountryName", "CurrencyCode")
VALUES (E'LS', E'Lesotho', NULL);

INSERT INTO public."CountryCode" ("CountryCode", "CountryName", "CurrencyCode")
VALUES (E'LT', E'Lithuania', NULL);

INSERT INTO public."CountryCode" ("CountryCode", "CountryName", "CurrencyCode")
VALUES (E'LU', E'Luxembourg', NULL);

INSERT INTO public."CountryCode" ("CountryCode", "CountryName", "CurrencyCode")
VALUES (E'LV', E'Latvia', NULL);

INSERT INTO public."CountryCode" ("CountryCode", "CountryName", "CurrencyCode")
VALUES (E'LY', E'Libya', NULL);

INSERT INTO public."CountryCode" ("CountryCode", "CountryName", "CurrencyCode")
VALUES (E'MA', E'Morocco', NULL);

INSERT INTO public."CountryCode" ("CountryCode", "CountryName", "CurrencyCode")
VALUES (E'MC', E'Monaco', NULL);

INSERT INTO public."CountryCode" ("CountryCode", "CountryName", "CurrencyCode")
VALUES (E'MD', E'Moldavia', NULL);

INSERT INTO public."CountryCode" ("CountryCode", "CountryName", "CurrencyCode")
VALUES (E'MG', E'Madagascar', NULL);

INSERT INTO public."CountryCode" ("CountryCode", "CountryName", "CurrencyCode")
VALUES (E'MH', E'Marshall Islands', NULL);

INSERT INTO public."CountryCode" ("CountryCode", "CountryName", "CurrencyCode")
VALUES (E'MIL', E'USA Military', NULL);

INSERT INTO public."CountryCode" ("CountryCode", "CountryName", "CurrencyCode")
VALUES (E'MK', E'Macedonia', NULL);

INSERT INTO public."CountryCode" ("CountryCode", "CountryName", "CurrencyCode")
VALUES (E'ML', E'Mali', NULL);

INSERT INTO public."CountryCode" ("CountryCode", "CountryName", "CurrencyCode")
VALUES (E'MM', E'Myanmar', NULL);

INSERT INTO public."CountryCode" ("CountryCode", "CountryName", "CurrencyCode")
VALUES (E'MN', E'Mongolia', NULL);

INSERT INTO public."CountryCode" ("CountryCode", "CountryName", "CurrencyCode")
VALUES (E'MO', E'Macau', NULL);

INSERT INTO public."CountryCode" ("CountryCode", "CountryName", "CurrencyCode")
VALUES (E'MP', E'Northern Mariana Islands', NULL);

INSERT INTO public."CountryCode" ("CountryCode", "CountryName", "CurrencyCode")
VALUES (E'MQ', E'Martinique (French)', NULL);

INSERT INTO public."CountryCode" ("CountryCode", "CountryName", "CurrencyCode")
VALUES (E'MR', E'Mauritania', NULL);

INSERT INTO public."CountryCode" ("CountryCode", "CountryName", "CurrencyCode")
VALUES (E'MS', E'Montserrat', NULL);

INSERT INTO public."CountryCode" ("CountryCode", "CountryName", "CurrencyCode")
VALUES (E'MT', E'Malta', NULL);

INSERT INTO public."CountryCode" ("CountryCode", "CountryName", "CurrencyCode")
VALUES (E'MU', E'Mauritius', NULL);

INSERT INTO public."CountryCode" ("CountryCode", "CountryName", "CurrencyCode")
VALUES (E'MV', E'Maldives', NULL);

INSERT INTO public."CountryCode" ("CountryCode", "CountryName", "CurrencyCode")
VALUES (E'MW', E'Malawi', NULL);

INSERT INTO public."CountryCode" ("CountryCode", "CountryName", "CurrencyCode")
VALUES (E'MX', E'Mexico', NULL);

INSERT INTO public."CountryCode" ("CountryCode", "CountryName", "CurrencyCode")
VALUES (E'MY', E'Malaysia', NULL);

INSERT INTO public."CountryCode" ("CountryCode", "CountryName", "CurrencyCode")
VALUES (E'MZ', E'Mozambique', NULL);

INSERT INTO public."CountryCode" ("CountryCode", "CountryName", "CurrencyCode")
VALUES (E'NA', E'Namibia', NULL);

INSERT INTO public."CountryCode" ("CountryCode", "CountryName", "CurrencyCode")
VALUES (E'NATO', E'NATO (this was purged in 1996 - see hq.nato.int)', NULL);

INSERT INTO public."CountryCode" ("CountryCode", "CountryName", "CurrencyCode")
VALUES (E'NC', E'New Caledonia (French)', NULL);

INSERT INTO public."CountryCode" ("CountryCode", "CountryName", "CurrencyCode")
VALUES (E'NE', E'Niger', NULL);

INSERT INTO public."CountryCode" ("CountryCode", "CountryName", "CurrencyCode")
VALUES (E'NET', E'Network', NULL);

INSERT INTO public."CountryCode" ("CountryCode", "CountryName", "CurrencyCode")
VALUES (E'NF', E'Norfolk Island', NULL);

INSERT INTO public."CountryCode" ("CountryCode", "CountryName", "CurrencyCode")
VALUES (E'NG', E'Nigeria', NULL);

INSERT INTO public."CountryCode" ("CountryCode", "CountryName", "CurrencyCode")
VALUES (E'NI', E'Nicaragua', NULL);

INSERT INTO public."CountryCode" ("CountryCode", "CountryName", "CurrencyCode")
VALUES (E'NL', E'Netherlands', NULL);

INSERT INTO public."CountryCode" ("CountryCode", "CountryName", "CurrencyCode")
VALUES (E'NO', E'Norway', NULL);

INSERT INTO public."CountryCode" ("CountryCode", "CountryName", "CurrencyCode")
VALUES (E'NP', E'Nepal', NULL);

INSERT INTO public."CountryCode" ("CountryCode", "CountryName", "CurrencyCode")
VALUES (E'NR', E'Nauru', NULL);

INSERT INTO public."CountryCode" ("CountryCode", "CountryName", "CurrencyCode")
VALUES (E'NT', E'Neutral Zone', NULL);

INSERT INTO public."CountryCode" ("CountryCode", "CountryName", "CurrencyCode")
VALUES (E'NU', E'Niue', NULL);

INSERT INTO public."CountryCode" ("CountryCode", "CountryName", "CurrencyCode")
VALUES (E'NZ', E'New Zealand', NULL);

INSERT INTO public."CountryCode" ("CountryCode", "CountryName", "CurrencyCode")
VALUES (E'OM', E'Oman', NULL);

INSERT INTO public."CountryCode" ("CountryCode", "CountryName", "CurrencyCode")
VALUES (E'ORG', E'Non-Profit Making Organisations (sic)', NULL);

INSERT INTO public."CountryCode" ("CountryCode", "CountryName", "CurrencyCode")
VALUES (E'PA', E'Panama', NULL);

INSERT INTO public."CountryCode" ("CountryCode", "CountryName", "CurrencyCode")
VALUES (E'PE', E'Peru', NULL);

INSERT INTO public."CountryCode" ("CountryCode", "CountryName", "CurrencyCode")
VALUES (E'PF', E'Polynesia (French)', NULL);

INSERT INTO public."CountryCode" ("CountryCode", "CountryName", "CurrencyCode")
VALUES (E'PG', E'Papua New Guinea', NULL);

INSERT INTO public."CountryCode" ("CountryCode", "CountryName", "CurrencyCode")
VALUES (E'PH', E'Philippines', NULL);

INSERT INTO public."CountryCode" ("CountryCode", "CountryName", "CurrencyCode")
VALUES (E'PK', E'Pakistan', NULL);

INSERT INTO public."CountryCode" ("CountryCode", "CountryName", "CurrencyCode")
VALUES (E'PL', E'Poland', NULL);

INSERT INTO public."CountryCode" ("CountryCode", "CountryName", "CurrencyCode")
VALUES (E'PM', E'Saint Pierre and Miquelon', NULL);

INSERT INTO public."CountryCode" ("CountryCode", "CountryName", "CurrencyCode")
VALUES (E'PN', E'Pitcairn Island', NULL);

INSERT INTO public."CountryCode" ("CountryCode", "CountryName", "CurrencyCode")
VALUES (E'PR', E'Puerto Rico', NULL);

INSERT INTO public."CountryCode" ("CountryCode", "CountryName", "CurrencyCode")
VALUES (E'PT', E'Portugal', NULL);

INSERT INTO public."CountryCode" ("CountryCode", "CountryName", "CurrencyCode")
VALUES (E'PW', E'Palau', NULL);

INSERT INTO public."CountryCode" ("CountryCode", "CountryName", "CurrencyCode")
VALUES (E'PY', E'Paraguay', NULL);

INSERT INTO public."CountryCode" ("CountryCode", "CountryName", "CurrencyCode")
VALUES (E'QA', E'Qatar', NULL);

INSERT INTO public."CountryCode" ("CountryCode", "CountryName", "CurrencyCode")
VALUES (E'RE', E'Reunion (French)', NULL);

INSERT INTO public."CountryCode" ("CountryCode", "CountryName", "CurrencyCode")
VALUES (E'RO', E'Romania', NULL);

INSERT INTO public."CountryCode" ("CountryCode", "CountryName", "CurrencyCode")
VALUES (E'RU', E'Russian Federation', NULL);

INSERT INTO public."CountryCode" ("CountryCode", "CountryName", "CurrencyCode")
VALUES (E'RW', E'Rwanda', NULL);

INSERT INTO public."CountryCode" ("CountryCode", "CountryName", "CurrencyCode")
VALUES (E'SA', E'Saudi Arabia', NULL);

INSERT INTO public."CountryCode" ("CountryCode", "CountryName", "CurrencyCode")
VALUES (E'SB', E'Solomon Islands', NULL);

INSERT INTO public."CountryCode" ("CountryCode", "CountryName", "CurrencyCode")
VALUES (E'SC', E'Seychelles', NULL);

INSERT INTO public."CountryCode" ("CountryCode", "CountryName", "CurrencyCode")
VALUES (E'SD', E'Sudan', NULL);

INSERT INTO public."CountryCode" ("CountryCode", "CountryName", "CurrencyCode")
VALUES (E'SE', E'Sweden', NULL);

INSERT INTO public."CountryCode" ("CountryCode", "CountryName", "CurrencyCode")
VALUES (E'SG', E'Singapore', NULL);

INSERT INTO public."CountryCode" ("CountryCode", "CountryName", "CurrencyCode")
VALUES (E'SH', E'Saint Helena', NULL);

INSERT INTO public."CountryCode" ("CountryCode", "CountryName", "CurrencyCode")
VALUES (E'SI', E'Slovenia', NULL);

INSERT INTO public."CountryCode" ("CountryCode", "CountryName", "CurrencyCode")
VALUES (E'SJ', E'Svalbard and Jan Mayen Islands', NULL);

INSERT INTO public."CountryCode" ("CountryCode", "CountryName", "CurrencyCode")
VALUES (E'SK', E'Slovak Republic', NULL);

INSERT INTO public."CountryCode" ("CountryCode", "CountryName", "CurrencyCode")
VALUES (E'SL', E'Sierra Leone', NULL);

INSERT INTO public."CountryCode" ("CountryCode", "CountryName", "CurrencyCode")
VALUES (E'SM', E'San Marino', NULL);

INSERT INTO public."CountryCode" ("CountryCode", "CountryName", "CurrencyCode")
VALUES (E'SN', E'Senegal', NULL);

INSERT INTO public."CountryCode" ("CountryCode", "CountryName", "CurrencyCode")
VALUES (E'SO', E'Somalia', NULL);

INSERT INTO public."CountryCode" ("CountryCode", "CountryName", "CurrencyCode")
VALUES (E'SR', E'Suriname', NULL);

INSERT INTO public."CountryCode" ("CountryCode", "CountryName", "CurrencyCode")
VALUES (E'ST', E'Saint Tome (Sao Tome) and Principe', NULL);

INSERT INTO public."CountryCode" ("CountryCode", "CountryName", "CurrencyCode")
VALUES (E'SU', E'Former USSR', NULL);

INSERT INTO public."CountryCode" ("CountryCode", "CountryName", "CurrencyCode")
VALUES (E'SV', E'El Salvador', NULL);

INSERT INTO public."CountryCode" ("CountryCode", "CountryName", "CurrencyCode")
VALUES (E'SY', E'Syria', NULL);

INSERT INTO public."CountryCode" ("CountryCode", "CountryName", "CurrencyCode")
VALUES (E'SZ', E'Swaziland', NULL);

INSERT INTO public."CountryCode" ("CountryCode", "CountryName", "CurrencyCode")
VALUES (E'TC', E'Turks and Caicos Islands', NULL);

INSERT INTO public."CountryCode" ("CountryCode", "CountryName", "CurrencyCode")
VALUES (E'TD', E'Chad', NULL);

INSERT INTO public."CountryCode" ("CountryCode", "CountryName", "CurrencyCode")
VALUES (E'TF', E'French Southern Territories', NULL);

INSERT INTO public."CountryCode" ("CountryCode", "CountryName", "CurrencyCode")
VALUES (E'TG', E'Togo', NULL);

INSERT INTO public."CountryCode" ("CountryCode", "CountryName", "CurrencyCode")
VALUES (E'TH', E'Thailand', NULL);

INSERT INTO public."CountryCode" ("CountryCode", "CountryName", "CurrencyCode")
VALUES (E'TJ', E'Tadjikistan', NULL);

INSERT INTO public."CountryCode" ("CountryCode", "CountryName", "CurrencyCode")
VALUES (E'TK', E'Tokelau', NULL);

INSERT INTO public."CountryCode" ("CountryCode", "CountryName", "CurrencyCode")
VALUES (E'TM', E'Turkmenistan', NULL);

INSERT INTO public."CountryCode" ("CountryCode", "CountryName", "CurrencyCode")
VALUES (E'TN', E'Tunisia', NULL);

INSERT INTO public."CountryCode" ("CountryCode", "CountryName", "CurrencyCode")
VALUES (E'TO', E'Tonga', NULL);

INSERT INTO public."CountryCode" ("CountryCode", "CountryName", "CurrencyCode")
VALUES (E'TP', E'East Timor', NULL);

INSERT INTO public."CountryCode" ("CountryCode", "CountryName", "CurrencyCode")
VALUES (E'TR', E'Turkey', NULL);

INSERT INTO public."CountryCode" ("CountryCode", "CountryName", "CurrencyCode")
VALUES (E'TT', E'Trinidad and Tobago', NULL);

INSERT INTO public."CountryCode" ("CountryCode", "CountryName", "CurrencyCode")
VALUES (E'TV', E'Tuvalu', NULL);

INSERT INTO public."CountryCode" ("CountryCode", "CountryName", "CurrencyCode")
VALUES (E'TW', E'Taiwan', NULL);

INSERT INTO public."CountryCode" ("CountryCode", "CountryName", "CurrencyCode")
VALUES (E'TZ', E'Tanzania', NULL);

INSERT INTO public."CountryCode" ("CountryCode", "CountryName", "CurrencyCode")
VALUES (E'UA', E'Ukraine', NULL);

INSERT INTO public."CountryCode" ("CountryCode", "CountryName", "CurrencyCode")
VALUES (E'UG', E'Uganda', NULL);

INSERT INTO public."CountryCode" ("CountryCode", "CountryName", "CurrencyCode")
VALUES (E'UK', E'United Kingdom', E'GBP');

INSERT INTO public."CountryCode" ("CountryCode", "CountryName", "CurrencyCode")
VALUES (E'UM', E'USA Minor Outlying Islands', NULL);

INSERT INTO public."CountryCode" ("CountryCode", "CountryName", "CurrencyCode")
VALUES (E'US', E'United States', E'USD');

INSERT INTO public."CountryCode" ("CountryCode", "CountryName", "CurrencyCode")
VALUES (E'UY', E'Uruguay', NULL);

INSERT INTO public."CountryCode" ("CountryCode", "CountryName", "CurrencyCode")
VALUES (E'UZ', E'Uzbekistan', NULL);

INSERT INTO public."CountryCode" ("CountryCode", "CountryName", "CurrencyCode")
VALUES (E'VA', E'Vatican City State', NULL);

INSERT INTO public."CountryCode" ("CountryCode", "CountryName", "CurrencyCode")
VALUES (E'VC', E'Saint Vincent & Grenadines', NULL);

INSERT INTO public."CountryCode" ("CountryCode", "CountryName", "CurrencyCode")
VALUES (E'VE', E'Venezuela', NULL);

INSERT INTO public."CountryCode" ("CountryCode", "CountryName", "CurrencyCode")
VALUES (E'VG', E'Virgin Islands (British)', NULL);

INSERT INTO public."CountryCode" ("CountryCode", "CountryName", "CurrencyCode")
VALUES (E'VI', E'Virgin Islands (USA)', NULL);

INSERT INTO public."CountryCode" ("CountryCode", "CountryName", "CurrencyCode")
VALUES (E'VN', E'Vietnam', NULL);

INSERT INTO public."CountryCode" ("CountryCode", "CountryName", "CurrencyCode")
VALUES (E'VU', E'Vanuatu', NULL);

INSERT INTO public."CountryCode" ("CountryCode", "CountryName", "CurrencyCode")
VALUES (E'WF', E'Wallis and Futuna Islands', NULL);

INSERT INTO public."CountryCode" ("CountryCode", "CountryName", "CurrencyCode")
VALUES (E'WS', E'Samoa', NULL);

INSERT INTO public."CountryCode" ("CountryCode", "CountryName", "CurrencyCode")
VALUES (E'YE', E'Yemen', NULL);

INSERT INTO public."CountryCode" ("CountryCode", "CountryName", "CurrencyCode")
VALUES (E'YT', E'Mayotte', NULL);

INSERT INTO public."CountryCode" ("CountryCode", "CountryName", "CurrencyCode")
VALUES (E'YU', E'Yugoslavia', NULL);

INSERT INTO public."CountryCode" ("CountryCode", "CountryName", "CurrencyCode")
VALUES (E'ZA', E'South Africa', NULL);

INSERT INTO public."CountryCode" ("CountryCode", "CountryName", "CurrencyCode")
VALUES (E'ZM', E'Zambia', NULL);

INSERT INTO public."CountryCode" ("CountryCode", "CountryName", "CurrencyCode")
VALUES (E'ZR', E'Zaire', NULL);

INSERT INTO public."CountryCode" ("CountryCode", "CountryName", "CurrencyCode")
VALUES (E'ZW', E'Zimbabwe', NULL);




/* Data for the 'public.CurrencyRate' table  (Records 1 - 196) */

INSERT INTO public."CurrencyRate" ("CurrencyCode", "CurrencyRateDate", "CurrencyRate", "CurrencyRateToGBP", "CurrencyRateToUSD", "CurrencyRateID")
VALUES (E'ADF', E'2014-05-07', '0.1252', '7.9861', '4.7167', 197);

INSERT INTO public."CurrencyRate" ("CurrencyCode", "CurrencyRateDate", "CurrencyRate", "CurrencyRateToGBP", "CurrencyRateToUSD", "CurrencyRateID")
VALUES (E'ADP', E'2014-05-07', '0.004937', '202.571', '119.642', 198);

INSERT INTO public."CurrencyRate" ("CurrencyCode", "CurrencyRateDate", "CurrencyRate", "CurrencyRateToGBP", "CurrencyRateToUSD", "CurrencyRateID")
VALUES (E'AED', E'2014-05-07', '0.1608', '6.2204', '3.6738', 199);

INSERT INTO public."CurrencyRate" ("CurrencyCode", "CurrencyRateDate", "CurrencyRate", "CurrencyRateToGBP", "CurrencyRateToUSD", "CurrencyRateID")
VALUES (E'AFN', E'2014-05-07', '0.01033', '97.1552', '57.38', 200);

INSERT INTO public."CurrencyRate" ("CurrencyCode", "CurrencyRateDate", "CurrencyRate", "CurrencyRateToGBP", "CurrencyRateToUSD", "CurrencyRateID")
VALUES (E'ALL', E'2014-05-07', '0.005969', '173.655', '102.561', 201);

INSERT INTO public."CurrencyRate" ("CurrencyCode", "CurrencyRateDate", "CurrencyRate", "CurrencyRateToGBP", "CurrencyRateToUSD", "CurrencyRateID")
VALUES (E'AMD', E'2014-05-07', '0.001428', '700.659', '413.81', 202);

INSERT INTO public."CurrencyRate" ("CurrencyCode", "CurrencyRateDate", "CurrencyRate", "CurrencyRateToGBP", "CurrencyRateToUSD", "CurrencyRateID")
VALUES (E'ANG', E'2014-05-07', '0.3318', '3.0816', '1.82', 203);

INSERT INTO public."CurrencyRate" ("CurrencyCode", "CurrencyRateDate", "CurrencyRate", "CurrencyRateToGBP", "CurrencyRateToUSD", "CurrencyRateID")
VALUES (E'AOA', E'2014-05-07', '0.006065', '165.733', '97.882', 204);

INSERT INTO public."CurrencyRate" ("CurrencyCode", "CurrencyRateDate", "CurrencyRate", "CurrencyRateToGBP", "CurrencyRateToUSD", "CurrencyRateID")
VALUES (E'AON', E'2014-05-07', '0.006065', '165.733', '97.882', 205);

INSERT INTO public."CurrencyRate" ("CurrencyCode", "CurrencyRateDate", "CurrencyRate", "CurrencyRateToGBP", "CurrencyRateToUSD", "CurrencyRateID")
VALUES (E'ARS', E'2014-05-07', '0.07385', '13.5535', '8.0047', 206);

INSERT INTO public."CurrencyRate" ("CurrencyCode", "CurrencyRateDate", "CurrencyRate", "CurrencyRateToGBP", "CurrencyRateToUSD", "CurrencyRateID")
VALUES (E'ATS', E'2014-05-07', '0.0597', '16.7529', '9.8945', 207);

INSERT INTO public."CurrencyRate" ("CurrencyCode", "CurrencyRateDate", "CurrencyRate", "CurrencyRateToGBP", "CurrencyRateToUSD", "CurrencyRateID")
VALUES (E'AUD', E'2014-05-07', '0.5503', '1.8176', '1.0735', 208);

INSERT INTO public."CurrencyRate" ("CurrencyCode", "CurrencyRateDate", "CurrencyRate", "CurrencyRateToGBP", "CurrencyRateToUSD", "CurrencyRateID")
VALUES (E'AWG', E'2014-05-07', '0.3337', '3.0308', '1.79', 209);

INSERT INTO public."CurrencyRate" ("CurrencyCode", "CurrencyRateDate", "CurrencyRate", "CurrencyRateToGBP", "CurrencyRateToUSD", "CurrencyRateID")
VALUES (E'AZM', E'2014-05-07', '0.0001506', '6647.46', '3926', 210);

INSERT INTO public."CurrencyRate" ("CurrencyCode", "CurrencyRateDate", "CurrencyRate", "CurrencyRateToGBP", "CurrencyRateToUSD", "CurrencyRateID")
VALUES (E'AZN', E'2014-05-07', '0.7536', '1.3288', '0.7848', 211);

INSERT INTO public."CurrencyRate" ("CurrencyCode", "CurrencyRateDate", "CurrencyRate", "CurrencyRateToGBP", "CurrencyRateToUSD", "CurrencyRateID")
VALUES (E'BAM', E'2014-05-07', '0.4201', '2.3813', '1.4064', 212);

INSERT INTO public."CurrencyRate" ("CurrencyCode", "CurrencyRateDate", "CurrencyRate", "CurrencyRateToGBP", "CurrencyRateToUSD", "CurrencyRateID")
VALUES (E'BBD', E'2014-05-07', '0.3008', '3.4469', '2.0358', 213);

INSERT INTO public."CurrencyRate" ("CurrencyCode", "CurrencyRateDate", "CurrencyRate", "CurrencyRateToGBP", "CurrencyRateToUSD", "CurrencyRateID")
VALUES (E'BDT', E'2014-05-07', '0.007742', '133.571', '78.8873', 214);

INSERT INTO public."CurrencyRate" ("CurrencyCode", "CurrencyRateDate", "CurrencyRate", "CurrencyRateToGBP", "CurrencyRateToUSD", "CurrencyRateID")
VALUES (E'BEF', E'2014-05-07', '0.02036', '49.1129', '29.0069', 215);

INSERT INTO public."CurrencyRate" ("CurrencyCode", "CurrencyRateDate", "CurrencyRate", "CurrencyRateToGBP", "CurrencyRateToUSD", "CurrencyRateID")
VALUES (E'BGN', E'2014-05-07', '0.4201', '2.3816', '1.4066', 216);

INSERT INTO public."CurrencyRate" ("CurrencyCode", "CurrencyRateDate", "CurrencyRate", "CurrencyRateToGBP", "CurrencyRateToUSD", "CurrencyRateID")
VALUES (E'BHD', E'2014-05-07', '1.5748', '0.6417', '0.379', 217);

INSERT INTO public."CurrencyRate" ("CurrencyCode", "CurrencyRateDate", "CurrencyRate", "CurrencyRateToGBP", "CurrencyRateToUSD", "CurrencyRateID")
VALUES (E'BIF', E'2014-05-07', '0.0003868', '2659.73', '1570.84', 218);

INSERT INTO public."CurrencyRate" ("CurrencyCode", "CurrencyRateDate", "CurrencyRate", "CurrencyRateToGBP", "CurrencyRateToUSD", "CurrencyRateID")
VALUES (E'BMD', E'2014-05-07', '0.5907', '1.6932', '1', 219);

INSERT INTO public."CurrencyRate" ("CurrencyCode", "CurrencyRateDate", "CurrencyRate", "CurrencyRateToGBP", "CurrencyRateToUSD", "CurrencyRateID")
VALUES (E'BND', E'2014-05-07', '0.4799', '2.1451', '1.2669', 220);

INSERT INTO public."CurrencyRate" ("CurrencyCode", "CurrencyRateDate", "CurrencyRate", "CurrencyRateToGBP", "CurrencyRateToUSD", "CurrencyRateID")
VALUES (E'BOB', E'2014-05-07', '0.08731', '11.9423', '7.0531', 221);

INSERT INTO public."CurrencyRate" ("CurrencyCode", "CurrencyRateDate", "CurrencyRate", "CurrencyRateToGBP", "CurrencyRateToUSD", "CurrencyRateID")
VALUES (E'BRL', E'2014-05-07', '0.2642', '3.7964', '2.2422', 222);

INSERT INTO public."CurrencyRate" ("CurrencyCode", "CurrencyRateDate", "CurrencyRate", "CurrencyRateToGBP", "CurrencyRateToUSD", "CurrencyRateID")
VALUES (E'BSD', E'2014-05-07', '0.5936', '1.7019', '1.0051', 223);

INSERT INTO public."CurrencyRate" ("CurrencyCode", "CurrencyRateDate", "CurrencyRate", "CurrencyRateToGBP", "CurrencyRateToUSD", "CurrencyRateID")
VALUES (E'BTN', E'2014-05-07', '0.009836', '101.742', '60.0889', 224);

INSERT INTO public."CurrencyRate" ("CurrencyCode", "CurrencyRateDate", "CurrencyRate", "CurrencyRateToGBP", "CurrencyRateToUSD", "CurrencyRateID")
VALUES (E'BWP', E'2014-05-07', '0.06854', '14.9817', '8.8482', 225);

INSERT INTO public."CurrencyRate" ("CurrencyCode", "CurrencyRateDate", "CurrencyRate", "CurrencyRateToGBP", "CurrencyRateToUSD", "CurrencyRateID")
VALUES (E'BYR', E'2014-05-07', '0.00005928', '16994.2', '10036.8', 226);

INSERT INTO public."CurrencyRate" ("CurrencyCode", "CurrencyRateDate", "CurrencyRate", "CurrencyRateToGBP", "CurrencyRateToUSD", "CurrencyRateID")
VALUES (E'BZD', E'2014-05-07', '0.2997', '3.4589', '2.0428', 227);

INSERT INTO public."CurrencyRate" ("CurrencyCode", "CurrencyRateDate", "CurrencyRate", "CurrencyRateToGBP", "CurrencyRateToUSD", "CurrencyRateID")
VALUES (E'CAD', E'2014-05-07', '0.5405', '1.8507', '1.093', 228);

INSERT INTO public."CurrencyRate" ("CurrencyCode", "CurrencyRateDate", "CurrencyRate", "CurrencyRateToGBP", "CurrencyRateToUSD", "CurrencyRateID")
VALUES (E'CDF', E'2014-05-07', '0.0006519', '1585.11', '936.169', 229);

INSERT INTO public."CurrencyRate" ("CurrencyCode", "CurrencyRateDate", "CurrencyRate", "CurrencyRateToGBP", "CurrencyRateToUSD", "CurrencyRateID")
VALUES (E'CHF', E'2014-05-07', '0.6747', '1.4824', '0.8756', 230);

INSERT INTO public."CurrencyRate" ("CurrencyCode", "CurrencyRateDate", "CurrencyRate", "CurrencyRateToGBP", "CurrencyRateToUSD", "CurrencyRateID")
VALUES (E'CLP', E'2014-05-07', '0.001048', '955.838', '564.519', 231);

INSERT INTO public."CurrencyRate" ("CurrencyCode", "CurrencyRateDate", "CurrencyRate", "CurrencyRateToGBP", "CurrencyRateToUSD", "CurrencyRateID")
VALUES (E'CNY', E'2014-05-07', '0.09604', '10.422', '6.1552', 232);

INSERT INTO public."CurrencyRate" ("CurrencyCode", "CurrencyRateDate", "CurrencyRate", "CurrencyRateToGBP", "CurrencyRateToUSD", "CurrencyRateID")
VALUES (E'COP', E'2014-05-07', '0.000308', '3249.85', '1919.37', 233);

INSERT INTO public."CurrencyRate" ("CurrencyCode", "CurrencyRateDate", "CurrencyRate", "CurrencyRateToGBP", "CurrencyRateToUSD", "CurrencyRateID")
VALUES (E'CRC', E'2014-05-07', '0.00109', '951.751', '562.106', 234);

INSERT INTO public."CurrencyRate" ("CurrencyCode", "CurrencyRateDate", "CurrencyRate", "CurrencyRateToGBP", "CurrencyRateToUSD", "CurrencyRateID")
VALUES (E'CUC', E'2014-05-07', '0.5907', '1.6932', '1', 235);

INSERT INTO public."CurrencyRate" ("CurrencyCode", "CurrencyRateDate", "CurrencyRate", "CurrencyRateToGBP", "CurrencyRateToUSD", "CurrencyRateID")
VALUES (E'CUP', E'2014-05-07', '0.02658', '39.1941', '23.1481', 236);

INSERT INTO public."CurrencyRate" ("CurrencyCode", "CurrencyRateDate", "CurrencyRate", "CurrencyRateToGBP", "CurrencyRateToUSD", "CurrencyRateID")
VALUES (E'CVE', E'2014-05-07', '0.007484', '134.6', '79.4951', 237);

INSERT INTO public."CurrencyRate" ("CurrencyCode", "CurrencyRateDate", "CurrencyRate", "CurrencyRateToGBP", "CurrencyRateToUSD", "CurrencyRateID")
VALUES (E'CYP', E'2014-05-07', '1.4037', '0.7126', '0.4208', 238);

INSERT INTO public."CurrencyRate" ("CurrencyCode", "CurrencyRateDate", "CurrencyRate", "CurrencyRateToGBP", "CurrencyRateToUSD", "CurrencyRateID")
VALUES (E'CZK', E'2014-05-07', '0.02996', '33.4112', '19.7327', 239);

INSERT INTO public."CurrencyRate" ("CurrencyCode", "CurrencyRateDate", "CurrencyRate", "CurrencyRateToGBP", "CurrencyRateToUSD", "CurrencyRateID")
VALUES (E'DEM', E'2014-05-07', '0.42', '2.3812', '1.4064', 240);

INSERT INTO public."CurrencyRate" ("CurrencyCode", "CurrencyRateDate", "CurrencyRate", "CurrencyRateToGBP", "CurrencyRateToUSD", "CurrencyRateID")
VALUES (E'DJF', E'2014-05-07', '0.003375', '313.24', '185', 241);

INSERT INTO public."CurrencyRate" ("CurrencyCode", "CurrencyRateDate", "CurrencyRate", "CurrencyRateToGBP", "CurrencyRateToUSD", "CurrencyRateID")
VALUES (E'DKK', E'2014-05-07', '0.1101', '9.0882', '5.3675', 242);

INSERT INTO public."CurrencyRate" ("CurrencyCode", "CurrencyRateDate", "CurrencyRate", "CurrencyRateToGBP", "CurrencyRateToUSD", "CurrencyRateID")
VALUES (E'DOP', E'2014-05-07', '0.01383', '73.6903', '43.5216', 243);

INSERT INTO public."CurrencyRate" ("CurrencyCode", "CurrencyRateDate", "CurrencyRate", "CurrencyRateToGBP", "CurrencyRateToUSD", "CurrencyRateID")
VALUES (E'DZD', E'2014-05-07', '0.00757', '133.351', '78.757', 244);

INSERT INTO public."CurrencyRate" ("CurrencyCode", "CurrencyRateDate", "CurrencyRate", "CurrencyRateToGBP", "CurrencyRateToUSD", "CurrencyRateID")
VALUES (E'ECS', E'2014-05-07', '0.00002452', '43323.7', '25587', 245);

INSERT INTO public."CurrencyRate" ("CurrencyCode", "CurrencyRateDate", "CurrencyRate", "CurrencyRateToGBP", "CurrencyRateToUSD", "CurrencyRateID")
VALUES (E'EEK', E'2014-05-07', '0.05043', '19.8789', '11.7405', 246);

INSERT INTO public."CurrencyRate" ("CurrencyCode", "CurrencyRateDate", "CurrencyRate", "CurrencyRateToGBP", "CurrencyRateToUSD", "CurrencyRateID")
VALUES (E'EGP', E'2014-05-07', '0.08442', '11.9081', '7.0329', 247);

INSERT INTO public."CurrencyRate" ("CurrencyCode", "CurrencyRateDate", "CurrencyRate", "CurrencyRateToGBP", "CurrencyRateToUSD", "CurrencyRateID")
VALUES (E'ESP', E'2014-05-07', '0.004937', '202.571', '119.642', 248);

INSERT INTO public."CurrencyRate" ("CurrencyCode", "CurrencyRateDate", "CurrencyRate", "CurrencyRateToGBP", "CurrencyRateToUSD", "CurrencyRateID")
VALUES (E'ETB', E'2014-05-07', '0.03046', '33.4389', '19.7491', 249);

INSERT INTO public."CurrencyRate" ("CurrencyCode", "CurrencyRateDate", "CurrencyRate", "CurrencyRateToGBP", "CurrencyRateToUSD", "CurrencyRateID")
VALUES (E'EUR', E'2014-05-07', '0.8215', '1.2175', '0.7191', 250);

INSERT INTO public."CurrencyRate" ("CurrencyCode", "CurrencyRateDate", "CurrencyRate", "CurrencyRateToGBP", "CurrencyRateToUSD", "CurrencyRateID")
VALUES (E'FIM', E'2014-05-07', '0.1382', '7.2388', '4.2754', 251);

INSERT INTO public."CurrencyRate" ("CurrencyCode", "CurrencyRateDate", "CurrencyRate", "CurrencyRateToGBP", "CurrencyRateToUSD", "CurrencyRateID")
VALUES (E'FJD', E'2014-05-07', '0.3238', '3.1172', '1.841', 252);

INSERT INTO public."CurrencyRate" ("CurrencyCode", "CurrencyRateDate", "CurrencyRate", "CurrencyRateToGBP", "CurrencyRateToUSD", "CurrencyRateID")
VALUES (E'FKP', E'2014-05-07', '1.0001', '1.0002', '0.5907', 253);

INSERT INTO public."CurrencyRate" ("CurrencyCode", "CurrencyRateDate", "CurrencyRate", "CurrencyRateToGBP", "CurrencyRateToUSD", "CurrencyRateID")
VALUES (E'FRF', E'2014-05-07', '0.1252', '7.9861', '4.7167', 254);

INSERT INTO public."CurrencyRate" ("CurrencyCode", "CurrencyRateDate", "CurrencyRate", "CurrencyRateToGBP", "CurrencyRateToUSD", "CurrencyRateID")
VALUES (E'GBP', E'2014-05-07', '1', '1', '0.5907', 255);

INSERT INTO public."CurrencyRate" ("CurrencyCode", "CurrencyRateDate", "CurrencyRate", "CurrencyRateToGBP", "CurrencyRateToUSD", "CurrencyRateID")
VALUES (E'GEL', E'2014-05-07', '0.3357', '2.9797', '1.7598', 256);

INSERT INTO public."CurrencyRate" ("CurrencyCode", "CurrencyRateDate", "CurrencyRate", "CurrencyRateToGBP", "CurrencyRateToUSD", "CurrencyRateID")
VALUES (E'GHC', E'2014-05-07', '0.00002084', '48602.7', '28704.8', 257);

INSERT INTO public."CurrencyRate" ("CurrencyCode", "CurrencyRateDate", "CurrencyRate", "CurrencyRateToGBP", "CurrencyRateToUSD", "CurrencyRateID")
VALUES (E'GHS', E'2014-05-07', '0.2084', '4.8603', '2.8705', 258);

INSERT INTO public."CurrencyRate" ("CurrencyCode", "CurrencyRateDate", "CurrencyRate", "CurrencyRateToGBP", "CurrencyRateToUSD", "CurrencyRateID")
VALUES (E'GIP', E'2014-05-07', '1.0001', '1.0002', '0.5907', 259);

INSERT INTO public."CurrencyRate" ("CurrencyCode", "CurrencyRateDate", "CurrencyRate", "CurrencyRateToGBP", "CurrencyRateToUSD", "CurrencyRateID")
VALUES (E'GMD', E'2014-05-07', '0.01511', '67.755', '40.0162', 260);

INSERT INTO public."CurrencyRate" ("CurrencyCode", "CurrencyRateDate", "CurrencyRate", "CurrencyRateToGBP", "CurrencyRateToUSD", "CurrencyRateID")
VALUES (E'GNF', E'2014-05-07', '0.0000856', '12116.8', '7156.18', 261);

INSERT INTO public."CurrencyRate" ("CurrencyCode", "CurrencyRateDate", "CurrencyRate", "CurrencyRateToGBP", "CurrencyRateToUSD", "CurrencyRateID")
VALUES (E'GRD', E'2014-05-07', '0.002411', '414.856', '245.02', 262);

INSERT INTO public."CurrencyRate" ("CurrencyCode", "CurrencyRateDate", "CurrencyRate", "CurrencyRateToGBP", "CurrencyRateToUSD", "CurrencyRateID")
VALUES (E'GTQ', E'2014-05-07', '0.07798', '13.3121', '7.8621', 263);

INSERT INTO public."CurrencyRate" ("CurrencyCode", "CurrencyRateDate", "CurrencyRate", "CurrencyRateToGBP", "CurrencyRateToUSD", "CurrencyRateID")
VALUES (E'GYD', E'2014-05-07', '0.002953', '338.655', '200.01', 264);

INSERT INTO public."CurrencyRate" ("CurrencyCode", "CurrencyRateDate", "CurrencyRate", "CurrencyRateToGBP", "CurrencyRateToUSD", "CurrencyRateID")
VALUES (E'HKD', E'2014-05-07', '0.0762', '13.1263', '7.7524', 265);

INSERT INTO public."CurrencyRate" ("CurrencyCode", "CurrencyRateDate", "CurrencyRate", "CurrencyRateToGBP", "CurrencyRateToUSD", "CurrencyRateID")
VALUES (E'HNL', E'2014-05-07', '0.03152', '32.9462', '19.4581', 266);

INSERT INTO public."CurrencyRate" ("CurrencyCode", "CurrencyRateDate", "CurrencyRate", "CurrencyRateToGBP", "CurrencyRateToUSD", "CurrencyRateID")
VALUES (E'HRK', E'2014-05-07', '0.1083', '9.2434', '5.4592', 267);

INSERT INTO public."CurrencyRate" ("CurrencyCode", "CurrencyRateDate", "CurrencyRate", "CurrencyRateToGBP", "CurrencyRateToUSD", "CurrencyRateID")
VALUES (E'HTG', E'2014-05-07', '0.01337', '77.219', '45.6056', 268);

INSERT INTO public."CurrencyRate" ("CurrencyCode", "CurrencyRateDate", "CurrencyRate", "CurrencyRateToGBP", "CurrencyRateToUSD", "CurrencyRateID")
VALUES (E'HUF', E'2014-05-07', '0.002672', '374.635', '221.26', 269);

INSERT INTO public."CurrencyRate" ("CurrencyCode", "CurrencyRateDate", "CurrencyRate", "CurrencyRateToGBP", "CurrencyRateToUSD", "CurrencyRateID")
VALUES (E'IDR', E'2014-05-07', '0.00005133', '19506.8', '11520.7', 270);

INSERT INTO public."CurrencyRate" ("CurrencyCode", "CurrencyRateDate", "CurrencyRate", "CurrencyRateToGBP", "CurrencyRateToUSD", "CurrencyRateID")
VALUES (E'IEP', E'2014-05-07', '1.0431', '0.9588', '0.5663', 271);

INSERT INTO public."CurrencyRate" ("CurrencyCode", "CurrencyRateDate", "CurrencyRate", "CurrencyRateToGBP", "CurrencyRateToUSD", "CurrencyRateID")
VALUES (E'ILS', E'2014-05-07', '0.1712', '5.85', '3.455', 272);

INSERT INTO public."CurrencyRate" ("CurrencyCode", "CurrencyRateDate", "CurrencyRate", "CurrencyRateToGBP", "CurrencyRateToUSD", "CurrencyRateID")
VALUES (E'INR', E'2014-05-07', '0.009849', '101.791', '60.1181', 273);

INSERT INTO public."CurrencyRate" ("CurrencyCode", "CurrencyRateDate", "CurrencyRate", "CurrencyRateToGBP", "CurrencyRateToUSD", "CurrencyRateID")
VALUES (E'IQD', E'2014-05-07', '0.0005142', '1995.5', '1178.55', 274);

INSERT INTO public."CurrencyRate" ("CurrencyCode", "CurrencyRateDate", "CurrencyRate", "CurrencyRateToGBP", "CurrencyRateToUSD", "CurrencyRateID")
VALUES (E'IRR', E'2014-05-07', '0.00002316', '43269.5', '25555', 275);

INSERT INTO public."CurrencyRate" ("CurrencyCode", "CurrencyRateDate", "CurrencyRate", "CurrencyRateToGBP", "CurrencyRateToUSD", "CurrencyRateID")
VALUES (E'ISK', E'2014-05-07', '0.005296', '189.756', '112.07', 276);

INSERT INTO public."CurrencyRate" ("CurrencyCode", "CurrencyRateDate", "CurrencyRate", "CurrencyRateToGBP", "CurrencyRateToUSD", "CurrencyRateID")
VALUES (E'ITL', E'2014-05-07', '0.0004243', '2357.37', '1392.3', 277);

INSERT INTO public."CurrencyRate" ("CurrencyCode", "CurrencyRateDate", "CurrencyRate", "CurrencyRateToGBP", "CurrencyRateToUSD", "CurrencyRateID")
VALUES (E'JMD', E'2014-05-07', '0.005436', '188.372', '111.253', 278);

INSERT INTO public."CurrencyRate" ("CurrencyCode", "CurrencyRateDate", "CurrencyRate", "CurrencyRateToGBP", "CurrencyRateToUSD", "CurrencyRateID")
VALUES (E'JOD', E'2014-05-07', '0.8371', '1.2032', '0.7106', 279);

INSERT INTO public."CurrencyRate" ("CurrencyCode", "CurrencyRateDate", "CurrencyRate", "CurrencyRateToGBP", "CurrencyRateToUSD", "CurrencyRateID")
VALUES (E'JPY', E'2014-05-07', '0.005798', '172.5', '101.884', 280);

INSERT INTO public."CurrencyRate" ("CurrencyCode", "CurrencyRateDate", "CurrencyRate", "CurrencyRateToGBP", "CurrencyRateToUSD", "CurrencyRateID")
VALUES (E'KES', E'2014-05-07', '0.006888', '149.414', '88.2438', 281);

INSERT INTO public."CurrencyRate" ("CurrencyCode", "CurrencyRateDate", "CurrencyRate", "CurrencyRateToGBP", "CurrencyRateToUSD", "CurrencyRateID")
VALUES (E'KGS', E'2014-05-07', '0.01109', '90.2894', '53.325', 282);

INSERT INTO public."CurrencyRate" ("CurrencyCode", "CurrencyRateDate", "CurrencyRate", "CurrencyRateToGBP", "CurrencyRateToUSD", "CurrencyRateID")
VALUES (E'KHR', E'2014-05-07', '0.000149', '6907.97', '4079.86', 283);

INSERT INTO public."CurrencyRate" ("CurrencyCode", "CurrencyRateDate", "CurrencyRate", "CurrencyRateToGBP", "CurrencyRateToUSD", "CurrencyRateID")
VALUES (E'KMF', E'2014-05-07', '0.001672', '599.728', '354.2', 284);

INSERT INTO public."CurrencyRate" ("CurrencyCode", "CurrencyRateDate", "CurrencyRate", "CurrencyRateToGBP", "CurrencyRateToUSD", "CurrencyRateID")
VALUES (E'KPW', E'2014-05-07', '0.004375', '228.581', '135', 285);

INSERT INTO public."CurrencyRate" ("CurrencyCode", "CurrencyRateDate", "CurrencyRate", "CurrencyRateToGBP", "CurrencyRateToUSD", "CurrencyRateID")
VALUES (E'KRW', E'2014-05-07', '0.000574', '1746.1', '1031.25', 286);

INSERT INTO public."CurrencyRate" ("CurrencyCode", "CurrencyRateDate", "CurrencyRate", "CurrencyRateToGBP", "CurrencyRateToUSD", "CurrencyRateID")
VALUES (E'KWD', E'2014-05-07', '2.1069', '0.4763', '0.2813', 287);

INSERT INTO public."CurrencyRate" ("CurrencyCode", "CurrencyRateDate", "CurrencyRate", "CurrencyRateToGBP", "CurrencyRateToUSD", "CurrencyRateID")
VALUES (E'KYD', E'2014-05-07', '0.7214', '1.4351', '0.8476', 288);

INSERT INTO public."CurrencyRate" ("CurrencyCode", "CurrencyRateDate", "CurrencyRate", "CurrencyRateToGBP", "CurrencyRateToUSD", "CurrencyRateID")
VALUES (E'KZT', E'2014-05-07', '0.003284', '311.896', '184.206', 289);

INSERT INTO public."CurrencyRate" ("CurrencyCode", "CurrencyRateDate", "CurrencyRate", "CurrencyRateToGBP", "CurrencyRateToUSD", "CurrencyRateID")
VALUES (E'LAK', E'2014-05-07', '0.00007464', '13843.4', '8175.95', 290);

INSERT INTO public."CurrencyRate" ("CurrencyCode", "CurrencyRateDate", "CurrencyRate", "CurrencyRateToGBP", "CurrencyRateToUSD", "CurrencyRateID")
VALUES (E'LBP', E'2014-05-07', '0.0003963', '2590.49', '1529.95', 291);

INSERT INTO public."CurrencyRate" ("CurrencyCode", "CurrencyRateDate", "CurrencyRate", "CurrencyRateToGBP", "CurrencyRateToUSD", "CurrencyRateID")
VALUES (E'LKR', E'2014-05-07', '0.004526', '221.428', '130.775', 292);

INSERT INTO public."CurrencyRate" ("CurrencyCode", "CurrencyRateDate", "CurrencyRate", "CurrencyRateToGBP", "CurrencyRateToUSD", "CurrencyRateID")
VALUES (E'LRD', E'2014-05-07', '0.006949', '145.614', '86', 293);

INSERT INTO public."CurrencyRate" ("CurrencyCode", "CurrencyRateDate", "CurrencyRate", "CurrencyRateToGBP", "CurrencyRateToUSD", "CurrencyRateID")
VALUES (E'LSL', E'2014-05-07', '0.05619', '17.8153', '10.52172', 294);

INSERT INTO public."CurrencyRate" ("CurrencyCode", "CurrencyRateDate", "CurrencyRate", "CurrencyRateToGBP", "CurrencyRateToUSD", "CurrencyRateID")
VALUES (E'LTL', E'2014-05-07', '0.238', '4.2029', '2.4823', 295);

INSERT INTO public."CurrencyRate" ("CurrencyCode", "CurrencyRateDate", "CurrencyRate", "CurrencyRateToGBP", "CurrencyRateToUSD", "CurrencyRateID")
VALUES (E'LUF', E'2014-05-07', '0.02036', '49.1129', '29.0069', 296);

INSERT INTO public."CurrencyRate" ("CurrencyCode", "CurrencyRateDate", "CurrencyRate", "CurrencyRateToGBP", "CurrencyRateToUSD", "CurrencyRateID")
VALUES (E'LVL', E'2014-05-07', '1.1628', '0.8652', '0.511', 297);

INSERT INTO public."CurrencyRate" ("CurrencyCode", "CurrencyRateDate", "CurrencyRate", "CurrencyRateToGBP", "CurrencyRateToUSD", "CurrencyRateID")
VALUES (E'LYD', E'2014-05-07', '0.4859', '2.1182', '1.251', 298);

INSERT INTO public."CurrencyRate" ("CurrencyCode", "CurrencyRateDate", "CurrencyRate", "CurrencyRateToGBP", "CurrencyRateToUSD", "CurrencyRateID")
VALUES (E'MAD', E'2014-05-07', '0.07314', '13.7588', '8.1259', 299);

INSERT INTO public."CurrencyRate" ("CurrencyCode", "CurrencyRateDate", "CurrencyRate", "CurrencyRateToGBP", "CurrencyRateToUSD", "CurrencyRateID")
VALUES (E'MDL', E'2014-05-07', '0.04459', '23.1587', '13.6775', 300);

INSERT INTO public."CurrencyRate" ("CurrencyCode", "CurrencyRateDate", "CurrencyRate", "CurrencyRateToGBP", "CurrencyRateToUSD", "CurrencyRateID")
VALUES (E'MGA', E'2014-05-07', '0.000252', '4090.26', '2415.72', 301);

INSERT INTO public."CurrencyRate" ("CurrencyCode", "CurrencyRateDate", "CurrencyRate", "CurrencyRateToGBP", "CurrencyRateToUSD", "CurrencyRateID")
VALUES (E'MGF', E'2014-05-07', '0.00006455', '15493.5', '9150.46', 302);

INSERT INTO public."CurrencyRate" ("CurrencyCode", "CurrencyRateDate", "CurrencyRate", "CurrencyRateToGBP", "CurrencyRateToUSD", "CurrencyRateID")
VALUES (E'MKD', E'2014-05-07', '0.01343', '75.6048', '44.6523', 303);

INSERT INTO public."CurrencyRate" ("CurrencyCode", "CurrencyRateDate", "CurrencyRate", "CurrencyRateToGBP", "CurrencyRateToUSD", "CurrencyRateID")
VALUES (E'MMK', E'2014-05-07', '0.0006255', '1652.51', '975.972', 304);

INSERT INTO public."CurrencyRate" ("CurrencyCode", "CurrencyRateDate", "CurrencyRate", "CurrencyRateToGBP", "CurrencyRateToUSD", "CurrencyRateID")
VALUES (E'MNT', E'2014-05-07', '0.0003318', '3022.34', '1785', 305);

INSERT INTO public."CurrencyRate" ("CurrencyCode", "CurrencyRateDate", "CurrencyRate", "CurrencyRateToGBP", "CurrencyRateToUSD", "CurrencyRateID")
VALUES (E'MOP', E'2014-05-07', '0.07534', '13.7623', '8.128', 306);

INSERT INTO public."CurrencyRate" ("CurrencyCode", "CurrencyRateDate", "CurrencyRate", "CurrencyRateToGBP", "CurrencyRateToUSD", "CurrencyRateID")
VALUES (E'MRO', E'2014-05-07', '0.002033', '505.865', '298.765', 307);

INSERT INTO public."CurrencyRate" ("CurrencyCode", "CurrencyRateDate", "CurrencyRate", "CurrencyRateToGBP", "CurrencyRateToUSD", "CurrencyRateID")
VALUES (E'MTL', E'2014-05-07', '1.9136', '0.5227', '0.3087', 308);

INSERT INTO public."CurrencyRate" ("CurrencyCode", "CurrencyRateDate", "CurrencyRate", "CurrencyRateToGBP", "CurrencyRateToUSD", "CurrencyRateID")
VALUES (E'MUR', E'2014-05-07', '0.0204', '52.6859', '31.1164', 309);

INSERT INTO public."CurrencyRate" ("CurrencyCode", "CurrencyRateDate", "CurrencyRate", "CurrencyRateToGBP", "CurrencyRateToUSD", "CurrencyRateID")
VALUES (E'MVR', E'2014-05-07', '0.03872', '26.3187', '15.5439', 310);

INSERT INTO public."CurrencyRate" ("CurrencyCode", "CurrencyRateDate", "CurrencyRate", "CurrencyRateToGBP", "CurrencyRateToUSD", "CurrencyRateID")
VALUES (E'MWK', E'2014-05-07', '0.001522', '674.016', '398.075', 311);

INSERT INTO public."CurrencyRate" ("CurrencyCode", "CurrencyRateDate", "CurrencyRate", "CurrencyRateToGBP", "CurrencyRateToUSD", "CurrencyRateID")
VALUES (E'MXN', E'2014-05-07', '0.04534', '22.0743', '13.0371', 312);

INSERT INTO public."CurrencyRate" ("CurrencyCode", "CurrencyRateDate", "CurrencyRate", "CurrencyRateToGBP", "CurrencyRateToUSD", "CurrencyRateID")
VALUES (E'MYR', E'2014-05-07', '0.1818', '5.5048', '3.2512', 313);

INSERT INTO public."CurrencyRate" ("CurrencyCode", "CurrencyRateDate", "CurrencyRate", "CurrencyRateToGBP", "CurrencyRateToUSD", "CurrencyRateID")
VALUES (E'MZM', E'2014-05-07', '0.00001912', '52827.5', '31200', 314);

INSERT INTO public."CurrencyRate" ("CurrencyCode", "CurrencyRateDate", "CurrencyRate", "CurrencyRateToGBP", "CurrencyRateToUSD", "CurrencyRateID")
VALUES (E'MZN', E'2014-05-07', '0.01912', '52.8275', '31.2', 315);

INSERT INTO public."CurrencyRate" ("CurrencyCode", "CurrencyRateDate", "CurrencyRate", "CurrencyRateToGBP", "CurrencyRateToUSD", "CurrencyRateID")
VALUES (E'NAD', E'2014-05-07', '0.05619', '17.8153', '10.52172', 316);

INSERT INTO public."CurrencyRate" ("CurrencyCode", "CurrencyRateDate", "CurrencyRate", "CurrencyRateToGBP", "CurrencyRateToUSD", "CurrencyRateID")
VALUES (E'NGN', E'2014-05-07', '0.003736', '272.693', '161.053', 317);

INSERT INTO public."CurrencyRate" ("CurrencyCode", "CurrencyRateDate", "CurrencyRate", "CurrencyRateToGBP", "CurrencyRateToUSD", "CurrencyRateID")
VALUES (E'NIO', E'2014-05-07', '0.02326', '44.2114', '26.1113', 318);

INSERT INTO public."CurrencyRate" ("CurrencyCode", "CurrencyRateDate", "CurrencyRate", "CurrencyRateToGBP", "CurrencyRateToUSD", "CurrencyRateID")
VALUES (E'NLG', E'2014-05-07', '0.3728', '2.683', '1.5846', 319);

INSERT INTO public."CurrencyRate" ("CurrencyCode", "CurrencyRateDate", "CurrencyRate", "CurrencyRateToGBP", "CurrencyRateToUSD", "CurrencyRateID")
VALUES (E'NOK', E'2014-05-07', '0.09956', '10.052', '5.9367', 320);

INSERT INTO public."CurrencyRate" ("CurrencyCode", "CurrencyRateDate", "CurrencyRate", "CurrencyRateToGBP", "CurrencyRateToUSD", "CurrencyRateID")
VALUES (E'NPR', E'2014-05-07', '0.006224', '164.818', '97.3416', 321);

INSERT INTO public."CurrencyRate" ("CurrencyCode", "CurrencyRateDate", "CurrencyRate", "CurrencyRateToGBP", "CurrencyRateToUSD", "CurrencyRateID")
VALUES (E'NZD', E'2014-05-07', '0.5156', '1.9405', '1.1461', 322);

INSERT INTO public."CurrencyRate" ("CurrencyCode", "CurrencyRateDate", "CurrencyRate", "CurrencyRateToGBP", "CurrencyRateToUSD", "CurrencyRateID")
VALUES (E'OMR', E'2014-05-07', '1.5385', '0.6537', '0.3861', 323);

INSERT INTO public."CurrencyRate" ("CurrencyCode", "CurrencyRateDate", "CurrencyRate", "CurrencyRateToGBP", "CurrencyRateToUSD", "CurrencyRateID")
VALUES (E'PAB', E'2014-05-07', '0.6012', '1.7245', '1.0185', 324);

INSERT INTO public."CurrencyRate" ("CurrencyCode", "CurrencyRateDate", "CurrencyRate", "CurrencyRateToGBP", "CurrencyRateToUSD", "CurrencyRateID")
VALUES (E'PEN', E'2014-05-07', '0.2137', '4.8116', '2.8417', 325);

INSERT INTO public."CurrencyRate" ("CurrencyCode", "CurrencyRateDate", "CurrencyRate", "CurrencyRateToGBP", "CurrencyRateToUSD", "CurrencyRateID")
VALUES (E'PGK', E'2014-05-07', '0.2136', '4.8776', '2.8807', 326);

INSERT INTO public."CurrencyRate" ("CurrencyCode", "CurrencyRateDate", "CurrencyRate", "CurrencyRateToGBP", "CurrencyRateToUSD", "CurrencyRateID")
VALUES (E'PHP', E'2014-05-07', '0.01334', '75.1189', '44.3653', 327);

INSERT INTO public."CurrencyRate" ("CurrencyCode", "CurrencyRateDate", "CurrencyRate", "CurrencyRateToGBP", "CurrencyRateToUSD", "CurrencyRateID")
VALUES (E'PKR', E'2014-05-07', '0.006031', '168.61', '99.5813', 328);

INSERT INTO public."CurrencyRate" ("CurrencyCode", "CurrencyRateDate", "CurrencyRate", "CurrencyRateToGBP", "CurrencyRateToUSD", "CurrencyRateID")
VALUES (E'PLN', E'2014-05-07', '0.1956', '5.1183', '3.0229', 329);

INSERT INTO public."CurrencyRate" ("CurrencyCode", "CurrencyRateDate", "CurrencyRate", "CurrencyRateToGBP", "CurrencyRateToUSD", "CurrencyRateID")
VALUES (E'PTE', E'2014-05-07', '0.004098', '244.082', '144.159', 330);

INSERT INTO public."CurrencyRate" ("CurrencyCode", "CurrencyRateDate", "CurrencyRate", "CurrencyRateToGBP", "CurrencyRateToUSD", "CurrencyRateID")
VALUES (E'PYG', E'2014-05-07', '0.0001361', '7667.19', '4528.25', 331);

INSERT INTO public."CurrencyRate" ("CurrencyCode", "CurrencyRateDate", "CurrencyRate", "CurrencyRateToGBP", "CurrencyRateToUSD", "CurrencyRateID")
VALUES (E'QAR', E'2014-05-07', '0.1624', '6.1692', '3.6435', 332);

INSERT INTO public."CurrencyRate" ("CurrencyCode", "CurrencyRateDate", "CurrencyRate", "CurrencyRateToGBP", "CurrencyRateToUSD", "CurrencyRateID")
VALUES (E'ROL', E'2014-05-07', '0.00001852', '54098.3', '31950.5', 333);

INSERT INTO public."CurrencyRate" ("CurrencyCode", "CurrencyRateDate", "CurrencyRate", "CurrencyRateToGBP", "CurrencyRateToUSD", "CurrencyRateID")
VALUES (E'RON', E'2014-05-07', '0.1852', '5.4098', '3.1951', 334);

INSERT INTO public."CurrencyRate" ("CurrencyCode", "CurrencyRateDate", "CurrencyRate", "CurrencyRateToGBP", "CurrencyRateToUSD", "CurrencyRateID")
VALUES (E'RSD', E'2014-05-07', '0.007139', '141.3', '83.4517', 335);

INSERT INTO public."CurrencyRate" ("CurrencyCode", "CurrencyRateDate", "CurrencyRate", "CurrencyRateToGBP", "CurrencyRateToUSD", "CurrencyRateID")
VALUES (E'RUB', E'2014-05-07', '0.01661', '60.2747', '35.5983', 336);

INSERT INTO public."CurrencyRate" ("CurrencyCode", "CurrencyRateDate", "CurrencyRate", "CurrencyRateToGBP", "CurrencyRateToUSD", "CurrencyRateID")
VALUES (E'RWF', E'2014-05-07', '0.0008812', '1169.74', '690.849', 337);

INSERT INTO public."CurrencyRate" ("CurrencyCode", "CurrencyRateDate", "CurrencyRate", "CurrencyRateToGBP", "CurrencyRateToUSD", "CurrencyRateID")
VALUES (E'SAR', E'2014-05-07', '0.1575', '6.3519', '3.7514', 338);

INSERT INTO public."CurrencyRate" ("CurrencyCode", "CurrencyRateDate", "CurrencyRate", "CurrencyRateToGBP", "CurrencyRateToUSD", "CurrencyRateID")
VALUES (E'SBD', E'2014-05-07', '0.08128', '12.4867', '7.3746', 339);

INSERT INTO public."CurrencyRate" ("CurrencyCode", "CurrencyRateDate", "CurrencyRate", "CurrencyRateToGBP", "CurrencyRateToUSD", "CurrencyRateID")
VALUES (E'SCR', E'2014-05-07', '0.05187', '21.6894', '12.8098', 340);

INSERT INTO public."CurrencyRate" ("CurrencyCode", "CurrencyRateDate", "CurrencyRate", "CurrencyRateToGBP", "CurrencyRateToUSD", "CurrencyRateID")
VALUES (E'SDD', E'2014-05-07', '0.001044', '970.274', '573.045', 341);

INSERT INTO public."CurrencyRate" ("CurrencyCode", "CurrencyRateDate", "CurrencyRate", "CurrencyRateToGBP", "CurrencyRateToUSD", "CurrencyRateID")
VALUES (E'SDG', E'2014-05-07', '0.1044', '9.7027', '5.7305', 342);

INSERT INTO public."CurrencyRate" ("CurrencyCode", "CurrencyRateDate", "CurrencyRate", "CurrencyRateToGBP", "CurrencyRateToUSD", "CurrencyRateID")
VALUES (E'SDP', E'2014-05-07', '0.0002612', '3847.44', '2272.3', 343);

INSERT INTO public."CurrencyRate" ("CurrencyCode", "CurrencyRateDate", "CurrencyRate", "CurrencyRateToGBP", "CurrencyRateToUSD", "CurrencyRateID")
VALUES (E'SEK', E'2014-05-07', '0.09056', '11.0504', '6.5264', 344);

INSERT INTO public."CurrencyRate" ("CurrencyCode", "CurrencyRateDate", "CurrencyRate", "CurrencyRateToGBP", "CurrencyRateToUSD", "CurrencyRateID")
VALUES (E'SGD', E'2014-05-07', '0.4731', '2.1149', '1.2491', 345);

INSERT INTO public."CurrencyRate" ("CurrencyCode", "CurrencyRateDate", "CurrencyRate", "CurrencyRateToGBP", "CurrencyRateToUSD", "CurrencyRateID")
VALUES (E'SHP', E'2014-05-07', '1.0037', '0.997', '0.5888', 346);

INSERT INTO public."CurrencyRate" ("CurrencyCode", "CurrencyRateDate", "CurrencyRate", "CurrencyRateToGBP", "CurrencyRateToUSD", "CurrencyRateID")
VALUES (E'SIT', E'2014-05-07', '0.003428', '291.756', '172.316', 347);

INSERT INTO public."CurrencyRate" ("CurrencyCode", "CurrencyRateDate", "CurrencyRate", "CurrencyRateToGBP", "CurrencyRateToUSD", "CurrencyRateID")
VALUES (E'SKK', E'2014-05-07', '0.02727', '36.6777', '21.6625', 348);

INSERT INTO public."CurrencyRate" ("CurrencyCode", "CurrencyRateDate", "CurrencyRate", "CurrencyRateToGBP", "CurrencyRateToUSD", "CurrencyRateID")
VALUES (E'SLL', E'2014-05-07', '0.0001377', '7433.1', '4390', 349);

INSERT INTO public."CurrencyRate" ("CurrencyCode", "CurrencyRateDate", "CurrencyRate", "CurrencyRateToGBP", "CurrencyRateToUSD", "CurrencyRateID")
VALUES (E'SOS', E'2014-05-07', '0.0006387', '1682.78', '993.853', 350);

INSERT INTO public."CurrencyRate" ("CurrencyCode", "CurrencyRateDate", "CurrencyRate", "CurrencyRateToGBP", "CurrencyRateToUSD", "CurrencyRateID")
VALUES (E'SRD', E'2014-05-07', '0.1846', '5.5029', '3.25', 351);

INSERT INTO public."CurrencyRate" ("CurrencyCode", "CurrencyRateDate", "CurrencyRate", "CurrencyRateToGBP", "CurrencyRateToUSD", "CurrencyRateID")
VALUES (E'SRG', E'2014-05-07', '0.0001846', '5502.87', '3250', 352);

INSERT INTO public."CurrencyRate" ("CurrencyCode", "CurrencyRateDate", "CurrencyRate", "CurrencyRateToGBP", "CurrencyRateToUSD", "CurrencyRateID")
VALUES (E'STD', E'2014-05-07', '0.00003385', '30179', '17823.8', 353);

INSERT INTO public."CurrencyRate" ("CurrencyCode", "CurrencyRateDate", "CurrencyRate", "CurrencyRateToGBP", "CurrencyRateToUSD", "CurrencyRateID")
VALUES (E'SVC', E'2014-05-07', '0.06888', '15.1046', '8.9208', 354);

INSERT INTO public."CurrencyRate" ("CurrencyCode", "CurrencyRateDate", "CurrencyRate", "CurrencyRateToGBP", "CurrencyRateToUSD", "CurrencyRateID")
VALUES (E'SYP', E'2014-05-07', '0.003988', '251.269', '148.4', 355);

INSERT INTO public."CurrencyRate" ("CurrencyCode", "CurrencyRateDate", "CurrencyRate", "CurrencyRateToGBP", "CurrencyRateToUSD", "CurrencyRateID")
VALUES (E'SZL', E'2014-05-07', '0.05619', '17.8153', '10.52172', 356);

INSERT INTO public."CurrencyRate" ("CurrencyCode", "CurrencyRateDate", "CurrencyRate", "CurrencyRateToGBP", "CurrencyRateToUSD", "CurrencyRateID")
VALUES (E'THB', E'2014-05-07', '0.01828', '54.8784', '32.4112', 357);

INSERT INTO public."CurrencyRate" ("CurrencyCode", "CurrencyRateDate", "CurrencyRate", "CurrencyRateToGBP", "CurrencyRateToUSD", "CurrencyRateID")
VALUES (E'TJS', E'2014-05-07', '0.1205', '8.3026', '4.9035', 358);

INSERT INTO public."CurrencyRate" ("CurrencyCode", "CurrencyRateDate", "CurrencyRate", "CurrencyRateToGBP", "CurrencyRateToUSD", "CurrencyRateID")
VALUES (E'TMM', E'2014-05-07', '0.00004146', '24128', '14250', 359);

INSERT INTO public."CurrencyRate" ("CurrencyCode", "CurrencyRateDate", "CurrencyRate", "CurrencyRateToGBP", "CurrencyRateToUSD", "CurrencyRateID")
VALUES (E'TMT', E'2014-05-07', '0.2073', '4.8256', '2.85', 360);

INSERT INTO public."CurrencyRate" ("CurrencyCode", "CurrencyRateDate", "CurrencyRate", "CurrencyRateToGBP", "CurrencyRateToUSD", "CurrencyRateID")
VALUES (E'TND', E'2014-05-07', '0.3701', '2.7188', '1.6058', 361);

INSERT INTO public."CurrencyRate" ("CurrencyCode", "CurrencyRateDate", "CurrencyRate", "CurrencyRateToGBP", "CurrencyRateToUSD", "CurrencyRateID")
VALUES (E'TOP', E'2014-05-07', '0.3198', '3.1358', '1.852', 362);

INSERT INTO public."CurrencyRate" ("CurrencyCode", "CurrencyRateDate", "CurrencyRate", "CurrencyRateToGBP", "CurrencyRateToUSD", "CurrencyRateID")
VALUES (E'TRL', E'2014-05-07', '0.00000028', '3549739', '2096480', 363);

INSERT INTO public."CurrencyRate" ("CurrencyCode", "CurrencyRateDate", "CurrencyRate", "CurrencyRateToGBP", "CurrencyRateToUSD", "CurrencyRateID")
VALUES (E'TRY', E'2014-05-07', '0.2819', '3.5497', '2.0965', 364);

INSERT INTO public."CurrencyRate" ("CurrencyCode", "CurrencyRateDate", "CurrencyRate", "CurrencyRateToGBP", "CurrencyRateToUSD", "CurrencyRateID")
VALUES (E'TTD', E'2014-05-07', '0.0932', '11.0961', '6.5534', 365);

INSERT INTO public."CurrencyRate" ("CurrencyCode", "CurrencyRateDate", "CurrencyRate", "CurrencyRateToGBP", "CurrencyRateToUSD", "CurrencyRateID")
VALUES (E'TWD', E'2014-05-07', '0.01964', '50.9943', '30.1173', 366);

INSERT INTO public."CurrencyRate" ("CurrencyCode", "CurrencyRateDate", "CurrencyRate", "CurrencyRateToGBP", "CurrencyRateToUSD", "CurrencyRateID")
VALUES (E'TZS', E'2014-05-07', '0.0003665', '2850.6', '1683.57', 367);

INSERT INTO public."CurrencyRate" ("CurrencyCode", "CurrencyRateDate", "CurrencyRate", "CurrencyRateToGBP", "CurrencyRateToUSD", "CurrencyRateID")
VALUES (E'UAH', E'2014-05-07', '0.05134', '20.2095', '11.9358', 368);

INSERT INTO public."CurrencyRate" ("CurrencyCode", "CurrencyRateDate", "CurrencyRate", "CurrencyRateToGBP", "CurrencyRateToUSD", "CurrencyRateID")
VALUES (E'UGX', E'2014-05-07', '0.0002372', '4325.76', '2554.8', 369);

INSERT INTO public."CurrencyRate" ("CurrencyCode", "CurrencyRateDate", "CurrencyRate", "CurrencyRateToGBP", "CurrencyRateToUSD", "CurrencyRateID")
VALUES (E'USD', E'2014-05-07', '0.5907', '1.6932', '1', 370);

INSERT INTO public."CurrencyRate" ("CurrencyCode", "CurrencyRateDate", "CurrencyRate", "CurrencyRateToGBP", "CurrencyRateToUSD", "CurrencyRateID")
VALUES (E'UYU', E'2014-05-07', '0.02611', '39.7594', '23.4819', 371);

INSERT INTO public."CurrencyRate" ("CurrencyCode", "CurrencyRateDate", "CurrencyRate", "CurrencyRateToGBP", "CurrencyRateToUSD", "CurrencyRateID")
VALUES (E'UZS', E'2014-05-07', '0.000259', '3943.44', '2329', 372);

INSERT INTO public."CurrencyRate" ("CurrencyCode", "CurrencyRateDate", "CurrencyRate", "CurrencyRateToGBP", "CurrencyRateToUSD", "CurrencyRateID")
VALUES (E'VEB', E'2014-05-07', '0.00009394', '10668.5', '6300.8', 373);

INSERT INTO public."CurrencyRate" ("CurrencyCode", "CurrencyRateDate", "CurrencyRate", "CurrencyRateToGBP", "CurrencyRateToUSD", "CurrencyRateID")
VALUES (E'VEF', E'2014-05-07', '0.09394', '10.6685', '6.3008', 374);

INSERT INTO public."CurrencyRate" ("CurrencyCode", "CurrencyRateDate", "CurrencyRate", "CurrencyRateToGBP", "CurrencyRateToUSD", "CurrencyRateID")
VALUES (E'VND', E'2014-05-07', '0.00002811', '35843', '21168.9', 375);

INSERT INTO public."CurrencyRate" ("CurrencyCode", "CurrencyRateDate", "CurrencyRate", "CurrencyRateToGBP", "CurrencyRateToUSD", "CurrencyRateID")
VALUES (E'VUV', E'2014-05-07', '0.006304', '162.038', '95.7', 376);

INSERT INTO public."CurrencyRate" ("CurrencyCode", "CurrencyRateDate", "CurrencyRate", "CurrencyRateToGBP", "CurrencyRateToUSD", "CurrencyRateID")
VALUES (E'WST', E'2014-05-07', '0.2603', '3.9963', '2.3602', 377);

INSERT INTO public."CurrencyRate" ("CurrencyCode", "CurrencyRateDate", "CurrencyRate", "CurrencyRateToGBP", "CurrencyRateToUSD", "CurrencyRateID")
VALUES (E'XAF', E'2014-05-07', '0.001252', '798.809', '471.777', 378);

INSERT INTO public."CurrencyRate" ("CurrencyCode", "CurrencyRateDate", "CurrencyRate", "CurrencyRateToGBP", "CurrencyRateToUSD", "CurrencyRateID")
VALUES (E'XAG', E'2014-05-07', '11.5837', '0.08646', '0.05106', 379);

INSERT INTO public."CurrencyRate" ("CurrencyCode", "CurrencyRateDate", "CurrencyRate", "CurrencyRateToGBP", "CurrencyRateToUSD", "CurrencyRateID")
VALUES (E'XAU', E'2014-05-07', '773.371', '0.001294', '0.000764', 380);

INSERT INTO public."CurrencyRate" ("CurrencyCode", "CurrencyRateDate", "CurrencyRate", "CurrencyRateToGBP", "CurrencyRateToUSD", "CurrencyRateID")
VALUES (E'XCD', E'2014-05-07', '0.2197', '4.6002', '2.7169', 381);

INSERT INTO public."CurrencyRate" ("CurrencyCode", "CurrencyRateDate", "CurrencyRate", "CurrencyRateToGBP", "CurrencyRateToUSD", "CurrencyRateID")
VALUES (E'XEU', E'2014-05-07', '0.8215', '1.2175', '0.7191', 382);

INSERT INTO public."CurrencyRate" ("CurrencyCode", "CurrencyRateDate", "CurrencyRate", "CurrencyRateToGBP", "CurrencyRateToUSD", "CurrencyRateID")
VALUES (E'XOF', E'2014-05-07', '0.001252', '798.842', '471.797', 383);

INSERT INTO public."CurrencyRate" ("CurrencyCode", "CurrencyRateDate", "CurrencyRate", "CurrencyRateToGBP", "CurrencyRateToUSD", "CurrencyRateID")
VALUES (E'XPD', E'2014-05-07', '483.088', '0.002079', '0.001228', 384);

INSERT INTO public."CurrencyRate" ("CurrencyCode", "CurrencyRateDate", "CurrencyRate", "CurrencyRateToGBP", "CurrencyRateToUSD", "CurrencyRateID")
VALUES (E'XPF', E'2014-05-07', '0.006873', '146.475', '86.5081', 385);

INSERT INTO public."CurrencyRate" ("CurrencyCode", "CurrencyRateDate", "CurrencyRate", "CurrencyRateToGBP", "CurrencyRateToUSD", "CurrencyRateID")
VALUES (E'XPT', E'2014-05-07', '858.902', '0.001167', '0.0006891', 386);

INSERT INTO public."CurrencyRate" ("CurrencyCode", "CurrencyRateDate", "CurrencyRate", "CurrencyRateToGBP", "CurrencyRateToUSD", "CurrencyRateID")
VALUES (E'YER', E'2014-05-07', '0.00275', '364.459', '215.25', 387);

INSERT INTO public."CurrencyRate" ("CurrencyCode", "CurrencyRateDate", "CurrencyRate", "CurrencyRateToGBP", "CurrencyRateToUSD", "CurrencyRateID")
VALUES (E'YUN', E'2014-05-07', '0.007139', '141.3', '83.4517', 388);

INSERT INTO public."CurrencyRate" ("CurrencyCode", "CurrencyRateDate", "CurrencyRate", "CurrencyRateToGBP", "CurrencyRateToUSD", "CurrencyRateID")
VALUES (E'ZAR', E'2014-05-07', '0.05619', '17.8153', '10.5217', 389);

INSERT INTO public."CurrencyRate" ("CurrencyCode", "CurrencyRateDate", "CurrencyRate", "CurrencyRateToGBP", "CurrencyRateToUSD", "CurrencyRateID")
VALUES (E'ZMK', E'2014-05-07', '0.0001141', '9022.84', '5328.9', 390);

INSERT INTO public."CurrencyRate" ("CurrencyCode", "CurrencyRateDate", "CurrencyRate", "CurrencyRateToGBP", "CurrencyRateToUSD", "CurrencyRateID")
VALUES (E'ZMW', E'2014-05-07', '0.09199', '10.9918', '6.4967', 391);

INSERT INTO public."CurrencyRate" ("CurrencyCode", "CurrencyRateDate", "CurrencyRate", "CurrencyRateToGBP", "CurrencyRateToUSD", "CurrencyRateID")
VALUES (E'ZWD', E'2014-05-07', '0.001582', '637.147', '376.3', 392);


-- Deduction Template for UK
INSERT INTO
  public."DeductionTemplate"
(
  "DeductionTypeID",
  "Name",
  "Description",
  "IsActive",
  "IsDeleted",
  "IsPercentageBased",
  "DeductionTemplateVersionNumber"
)
VALUES (
  (select c."ClassificationTypeID" from "ClassificationType" c where c."ClassificationTypeCategoryID" = 70 and c."Name" = 'Sales Tax' limit 1),
  'VAT',
  'Value Added Tax',
  true,
  false,
  true,
  1
);

INSERT INTO
  public."CountryDeductionTemplate"
(
  "DeductionTemplateID",
  "CountryCode",
  "DeductionPercentage",
  "DeductionValue",
  "IsActive",
  "IsDeleted",
  "IsAppliedToAllOrders",
  "DeductionTemplateVersionNumber"
)
select
dt."DeductionTemplateID",
'UK',
0.20,
0,
true,
false,
true,
dt."DeductionTemplateVersionNumber"

  from "DeductionTemplate" dt where dt."DeductionTypeID" = (select c."ClassificationTypeID" from "ClassificationType" c where c."ClassificationTypeCategoryID" = 70 and c."Name" = 'Sales Tax' limit 1) limit 1;


-- Deduction for UK
INSERT INTO
  public."Deduction"
(
  "DeductionTypeID",
  "Name",
  "Description",
  "IsActive",
  "IsDeleted",
  "IsPercentageBased",
  "DeductionVersionNumber"
)
select
dt."DeductionTypeID",
dt."Name",
dt."Description",
true,
false,
true,
1
  from "DeductionTemplate" dt where dt."DeductionTypeID" = (select c."ClassificationTypeID" from "ClassificationType" c where c."ClassificationTypeCategoryID" = 70 and c."Name" = 'Sales Tax' limit 1) limit 1;

INSERT INTO
  public."CountryDeduction"
(
  "CountryCode",
  "DeductionPercentage",
  "DeductionValue",
  "IsActive",
  "IsDeleted",
  "IsAppliedToAllOrders",
  "DeductionID",
  "DeductionVersionNumber"
)
SELECT
  cdt."CountryCode",
  cdt."DeductionPercentage",
 cdt."DeductionValue",
  true,
  false,
  cdt."IsAppliedToAllOrders",
  d."DeductionID",
  d."DeductionVersionNumber"
FROM
  public."CountryDeductionTemplate" cdt

  left outer join "DeductionTemplate" dt on dt."DeductionTemplateID" = cdt."DeductionTemplateID" and dt."DeductionTemplateVersionNumber" = cdt."DeductionTemplateVersionNumber"
  left outer join "Deduction" d on d."DeductionTypeID" = (select c."ClassificationTypeID" from "ClassificationType" c where c."ClassificationTypeCategoryID" = 70 and c."Name" = 'Sales Tax' limit 1)
  ;
